subzone_code,subzone_name,planning_area,latitude,longitude,Total_Total,volunteers_count,hdb_ratio,elderly_ratio,low_income_ratio,AED_count,area_sq_km,area_sq_m,population_density
BMSZ12,DEPOT ROAD,BUKIT MERAH,1.282222077052097,103.80855947837308,6540.0,0,1.0,0.199,0.13,5,0.4422975095581938,442297.5095581938,14786.427367707169
BMSZ02,BUKIT MERAH,BUKIT MERAH,1.282014214112846,103.81858972312692,1110.0,0,1.0,0.199,0.13,14,0.41172283025538786,411722.8302553879,2695.9884622173545
OTSZ03,CHINATOWN,OUTRAM,1.2799694820424423,103.84368741875312,10490.0,0,0.0,0.199,0.13,6,0.5872226793306676,587222.6793306676,17863.751468108807
DTSZ04,PHILLIP,DOWNTOWN CORE,1.285276843312479,103.84865417632476,10.0,0,0.0,0.199,0.13,0,0.03943793526326129,39437.935263261286,253.56297010091137
DTSZ05,RAFFLES PLACE,DOWNTOWN CORE,1.283720000241768,103.85100738198908,40.0,0,0.0,0.199,0.13,1,0.18876748971519036,188767.48971519037,211.90089490701718
OTSZ04,CHINA SQUARE,OUTRAM,1.2843864299599683,103.8468833241059,1430.0,0,0.0,0.199,0.13,0,0.13300693602444177,133006.93602444176,10751.319011943999
BMSZ10,TIONG BAHRU,BUKIT MERAH,1.2838795305472366,103.83139275944406,12890.0,0,1.0,0.199,0.13,4,0.4481275844385478,448127.5844385478,28764.12978716694
DTSZ12,BAYFRONT SUBZONE,DOWNTOWN CORE,1.2833347252444942,103.85853376179683,0.0,0,0.8,0.199,0.13,8,0.5212005223893823,521200.52238938236,0.0
BMSZ04,TIONG BAHRU STATION,BUKIT MERAH,1.284029905454372,103.8268263612172,15120.0,0,1.0,0.199,0.13,2,0.35078756143490863,350787.56143490865,43103.01066021588
DTSZ06,CLIFFORD PIER,DOWNTOWN CORE,1.285561905806231,103.85469937473908,0.0,0,0.8,0.199,0.13,1,0.26184389682555875,261843.89682555874,0.0
MSSZ01,MARINA SOUTH,MARINA SOUTH,1.2805312986428294,103.8656285346646,0.0,0,0.8,0.199,0.13,21,1.63037962792091,1630379.62792091,0.0
DTSZ13,NICOLL,DOWNTOWN CORE,1.299321500777898,103.8641870281905,290.0,0,0.0,0.199,0.13,6,0.6149236001842013,614923.6001842014,471.60330147213415
MESZ01,MARINA EAST,MARINA EAST,1.2885173871968896,103.87235158783412,0.0,0,0.8,0.199,0.13,34,1.8440417381318606,1844041.7381318605,0.0
RVSZ05,INSTITUTION HILL,RIVER VALLEY,1.2940158539005695,103.83750039699922,3150.0,0,0.0,0.199,0.13,2,0.39256333976551977,392563.3397655198,8024.18280291153
SRSZ01,ROBERTSON QUAY,SINGAPORE RIVER,1.291285963595759,103.83706412860371,3010.0,0,0.0,0.199,0.13,8,0.5065889590848744,506588.9590848744,5941.700753678884
WISZ01,JURONG ISLAND AND BUKOM,WESTERN ISLANDS,1.2625323601827072,103.6986386515527,10.0,0,0.0,0.199,0.13,334,36.63938712186238,36639387.121862374,0.27293032950414975
MUSZ02,FORT CANNING,MUSEUM,1.2940463913430484,103.8460529566889,190.0,0,0.0,0.199,0.13,7,0.38873320296680514,388733.20296680514,488.76709925965486
OTSZ01,PEARL'S HILL,OUTRAM,1.285601663651388,103.83942254516158,6120.0,0,0.0,0.199,0.13,3,0.561608559682988,561608.559682988,10897.269805600125
SRSZ03,BOAT QUAY,SINGAPORE RIVER,1.2873546011294492,103.84818906113507,130.0,0,0.0,0.199,0.13,0,0.16080749774747757,160807.49774747758,808.4200166098236
BMSZ08,HENDERSON HILL,BUKIT MERAH,1.286985554822534,103.8223827838929,13320.0,0,1.0,0.199,0.13,9,0.5952467225305885,595246.7225305885,22377.275667091995
BMSZ03,REDHILL,BUKIT MERAH,1.2876339561942527,103.817163352372,10620.0,0,1.0,0.199,0.13,3,0.38761159575260723,387611.5957526072,27398.561127614474
BMSZ07,ALEXANDRA HILL,BUKIT MERAH,1.287505822775538,103.8095865142582,13490.0,0,1.0,0.199,0.13,10,1.0303787860497804,1030378.7860497804,13092.272650252586
BMSZ09,BUKIT HO SWEE,BUKIT MERAH,1.289671676488198,103.83044381036498,14390.0,0,1.0,0.199,0.13,5,0.5517320530277134,551732.0530277134,26081.500831848884
SRSZ02,CLARKE QUAY,SINGAPORE RIVER,1.2895993363513407,103.84457916569038,130.0,0,0.0,0.199,0.13,4,0.29018465395171894,290184.65395171894,447.990609529715
QTSZ13,PASIR PANJANG 1,QUEENSTOWN,1.2866226877759497,103.78010107387112,4510.0,0,1.0,0.199,0.13,12,1.0847923206168448,1084792.3206168448,4157.477808688285
QTSZ07,QUEENSWAY,QUEENSTOWN,1.2885191957240625,103.79891178710976,270.0,0,1.0,0.199,0.13,6,0.628893466919889,628893.466919889,429.3254966097361
MPSZ05,MARINA EAST (MP),MARINE PARADE,1.2922159140462235,103.8846765343044,0.0,0,1.0,0.199,0.13,17,1.5903398546379002,1590339.8546379001,0.0
WISZ03,SUDONG,WESTERN ISLANDS,1.1933384837249787,103.72488436744536,0.0,0,0.8,0.199,0.13,0,4.207271093592239,4207271.09359224,0.0
WISZ02,SEMAKAU,WESTERN ISLANDS,1.2013592429719302,103.77227673394934,0.0,0,0.8,0.199,0.13,0,4.963787173034677,4963787.173034677,0.0
SISZ02,SOUTHERN GROUP,SOUTHERN ISLANDS,1.228009451752713,103.84962773958512,0.0,0,0.8,0.199,0.13,19,2.206353554808286,2206353.554808286,0.0
SISZ01,SENTOSA,SOUTHERN ISLANDS,1.2497210381292878,103.82966916383964,1940.0,0,0.0,0.199,0.13,54,4.919832815540416,4919832.815540416,394.3223423918119
BMSZ17,CITY TERMINALS,BUKIT MERAH,1.2653004199465947,103.8368005527159,20.0,0,1.0,0.199,0.13,59,3.451567579729823,3451567.579729823,5.794468611147846
DTSZ10,ANSON,DOWNTOWN CORE,1.2737179127909748,103.84360995961352,80.0,0,0.0,0.199,0.13,0,0.10323848204793015,103238.48204793016,774.9048456839834
SVSZ01,STRAITS VIEW,STRAITS VIEW,1.2712516610912177,103.85877319627342,0.0,0,0.8,0.199,0.13,28,1.1272968661504967,1127296.8661504968,0.0
BMSZ01,MARITIME SQUARE,BUKIT MERAH,1.2686893990414403,103.81362283115516,3620.0,0,1.0,0.199,0.13,14,2.698655028650764,2698655.028650764,1341.4089468893242
BMSZ15,TELOK BLANGAH RISE,BUKIT MERAH,1.274034808334735,103.82460278260108,12150.0,0,1.0,0.199,0.13,3,0.533462681705192,533462.681705192,22775.726244173286
DTSZ09,TANJONG PAGAR,DOWNTOWN CORE,1.275884519191568,103.84587860235952,670.0,0,0.0,0.199,0.13,1,0.14551866387207685,145518.66387207684,4604.22039463602
BMSZ16,EVERTON PARK,BUKIT MERAH,1.274949804808943,103.836315892199,7810.0,0,1.0,0.199,0.13,6,0.635704056680503,635704.056680503,12285.590941140099
BMSZ14,TELOK BLANGAH WAY,BUKIT MERAH,1.2773816093970425,103.82047414701732,9230.0,0,1.0,0.199,0.13,1,0.27682681247713004,276826.81247713004,33342.14600604316
DTSZ07,MAXWELL,DOWNTOWN CORE,1.2794151816364674,103.84582665469983,0.0,0,0.8,0.199,0.13,0,0.06366496634732237,63664.96634732237,0.0
DTSZ08,CECIL,DOWNTOWN CORE,1.278642607628731,103.84886506099345,260.0,0,0.0,0.199,0.13,12,0.19661986321639507,196619.86321639508,1322.3485956444304
BMSZ11,KAMPONG TIONG BAHRU,BUKIT MERAH,1.2783572712482043,103.82735076575196,9010.0,0,1.0,0.199,0.13,1,0.3653334262061279,365333.4262061279,24662.402489599706
BMSZ13,TELOK BLANGAH DRIVE,BUKIT MERAH,1.2766547989696886,103.80887984051616,19320.0,0,1.0,0.199,0.13,15,1.455032962620013,1455032.962620013,13278.049704943685
QTSZ14,PASIR PANJANG 2,QUEENSTOWN,1.277584987357489,103.79461533416308,3060.0,0,1.0,0.199,0.13,10,0.8532065732912262,853206.5732912262,3586.4702591262458
DTSZ11,CENTRAL SUBZONE,DOWNTOWN CORE,1.2756736590422952,103.85242000082276,880.0,0,0.0,0.199,0.13,8,1.0707232563415392,1070723.256341539,821.8743683655431
BMSZ05,SINGAPORE GENERAL HOSPITAL,BUKIT MERAH,1.2797252373429953,103.8346413891822,10.0,0,1.0,0.199,0.13,1,0.5330130948470956,533013.0948470955,18.761265148408185
DTSZ01,BUGIS,DOWNTOWN CORE,1.2991457341314865,103.85603679756154,890.0,0,0.0,0.199,0.13,2,0.2801747667068573,280174.7667068573,3176.5887073306417
RCSZ10,VICTORIA,ROCHOR,1.2996636062042934,103.85298961592576,1760.0,0,0.0,0.199,0.13,4,0.21425029814035934,214250.29814035934,8214.69101922552
RVSZ02,PATERSON,RIVER VALLEY,1.3012521817513178,103.83160520655493,240.0,0,0.0,0.199,0.13,1,0.1731217736174037,173121.7736174037,1386.3074238737647
MPSZ04,EAST COAST,MARINE PARADE,1.299691271334154,103.90867526787515,0.0,0,1.0,0.199,0.13,14,0.5917789997517895,591778.9997517895,0.0
QTSZ11,NATIONAL UNIVERSITY OF S'PORE,QUEENSTOWN,1.2959845251975957,103.77661864933738,240.0,0,1.0,0.199,0.13,14,1.7534819973862936,1753481.9973862937,136.87052411016444
RVSZ01,ONE TREE HILL,RIVER VALLEY,1.3017262738114217,103.82716856724952,2070.0,0,0.0,0.199,0.13,4,0.340743341656345,340743.341656345,6074.953629138521
QTSZ03,COMMONWEALTH,QUEENSTOWN,1.3049473759447046,103.7998816749111,7000.0,0,1.0,0.199,0.13,4,0.31053400602054937,310534.0060205494,22541.814629914574
QTSZ10,DOVER,QUEENSTOWN,1.3038619589251688,103.77954944762688,11080.0,0,1.0,0.199,0.13,28,1.3803362492965352,1380336.2492965353,8027.029649947057
TNSZ03,RIDOUT,TANGLIN,1.3034343318263215,103.81146905986962,1520.0,0,0.0,0.199,0.13,7,1.9517604692635229,1951760.469263523,778.7840895115355
NTSZ04,CAIRNHILL,NEWTON,1.3066460686507626,103.8376503825013,3880.0,0,0.0,0.199,0.13,0,0.45153763902410715,451537.63902410713,8592.860627046975
CLSZ08,CLEMENTI WEST,CLEMENTI,1.3025219273598778,103.76309139206336,15260.0,0,0.0,0.199,0.13,7,0.6975017185808277,697501.7185808277,21878.082294978096
NTSZ05,MONK'S HILL,NEWTON,1.308022354616984,103.84160296355266,1030.0,0,0.0,0.199,0.13,20,0.17265481769840732,172654.8176984073,5965.6603489582285
BDSZ07,SIGLAP,BEDOK,1.306590763776463,103.92708615974864,6440.0,0,1.0,0.199,0.13,6,1.0978337046521127,1097833.7046521127,5866.0979096472
CLSZ07,CLEMENTI WOODS,CLEMENTI,1.3040812285179135,103.76831866285038,16000.0,0,0.0,0.199,0.13,6,1.0579964306090195,1057996.4306090195,15122.924366379804
PNSZ05,PIONEER SECTOR,PIONEER,1.300449002041553,103.6614548137725,0.0,0,0.8,0.199,0.13,31,2.7967985789298493,2796798.5789298494,0.0
JESZ11,PENJURU CRESCENT,JURONG EAST,1.3038542316125974,103.74033689421644,10.0,0,0.0,0.199,0.13,28,3.050993132310865,3050993.132310865,3.277621274888239
NTSZ01,ORANGE GROVE,NEWTON,1.31005518288548,103.83033705257913,1790.0,0,0.0,0.199,0.13,3,0.3362214941055622,336221.49410556216,5323.871410309064
KLSZ04,KAMPONG BUGIS,KALLANG,1.3081638861192428,103.87049587307898,920.0,0,1.0,0.199,0.13,15,0.7422030254735683,742203.0254735684,1239.5530177379524
QTSZ12,KENT RIDGE,QUEENSTOWN,1.2850998737440142,103.79256836461492,80.0,0,1.0,0.199,0.13,22,1.8268485606166074,1826848.5606166073,43.7912598365559
BMSZ06,ALEXANDRA NORTH,BUKIT MERAH,1.2922809419446528,103.82027415587204,2620.0,0,1.0,0.199,0.13,3,0.29369504216261016,293695.04216261016,8920.817936549927
QTSZ04,TANGLIN HALT,QUEENSTOWN,1.300870587419264,103.79675555658802,10590.0,0,1.0,0.199,0.13,4,0.5572757036458584,557275.7036458584,19003.161147556166
RCSZ06,MACKENZIE,ROCHOR,1.3062401873869316,103.84841433557844,110.0,0,0.0,0.199,0.13,0,0.05568128248450152,55681.28248450152,1975.5292100288405
RCSZ03,SUNGEI ROAD,ROCHOR,1.3056991013457864,103.85669288319126,2050.0,0,0.0,0.199,0.13,3,0.11632999657267289,116329.99657267288,17622.28195991855
QTSZ08,ONE NORTH,QUEENSTOWN,1.2982462989139003,103.79091120501532,720.0,0,1.0,0.199,0.13,40,2.0034482090642127,2003448.2090642126,359.3803906397479
KLSZ05,TANJONG RHU,KALLANG,1.3005910457830008,103.8759107061609,11110.0,0,1.0,0.199,0.13,29,2.434594027749777,2434594.027749777,4563.389161957587
MPSZ02,KATONG,MARINE PARADE,1.3072650473055665,103.90233511173967,9360.0,0,0.8392094017094017,0.199,0.13,7,1.078992025291727,1078992.0252917272,8674.762908900404
ORSZ02,BOULEVARD,ORCHARD,1.3053727678215412,103.83257213001392,410.0,0,0.0,0.199,0.13,0,0.46055042985172384,460550.42985172383,890.2390996182573
NTSZ06,ISTANA NEGARA,NEWTON,1.3053391290558327,103.8443422082146,60.0,0,0.0,0.199,0.13,5,0.5434836769485173,543483.6769485173,110.39889981035003
RCSZ02,LITTLE INDIA,ROCHOR,1.3067833500558044,103.8540526534276,3270.0,0,0.0,0.199,0.13,2,0.27830354335032653,278303.54335032654,11749.760569464785
PNSZ04,GUL BASIN,PIONEER,1.30337704787048,103.67452040521236,10.0,0,0.0,0.199,0.13,24,1.7705981852295525,1770598.1852295524,5.647808793333611
DTSZ03,MARINA CENTRE,DOWNTOWN CORE,1.2918507513627877,103.85971863230544,10.0,0,0.0,0.199,0.13,9,0.8869548093395082,886954.8093395082,11.274531571057985
MUSZ03,BRAS BASAH,MUSEUM,1.2962611266237731,103.849456501195,10.0,0,0.0,0.199,0.13,1,0.2188077162765516,218807.7162765516,45.70222737191305
ORSZ03,SOMERSET,ORCHARD,1.301103239957552,103.83894851476104,140.0,0,0.0,0.199,0.13,0,0.32943793308719765,329437.93308719766,424.96624079699995
RCSZ09,BENCOOLEN,ROCHOR,1.3020047372600176,103.85128107184504,1310.0,0,0.0,0.199,0.13,2,0.17066430451092263,170664.30451092264,7675.887490088235
TNSZ02,CHATSWORTH,TANGLIN,1.29703459147278,103.82340220194406,6890.0,0,0.0,0.199,0.13,9,1.346164131160646,1346164.131160646,5118.246609393408
RCSZ05,KAMPONG GLAM,ROCHOR,1.3022628967682637,103.85969079958431,120.0,0,0.0,0.199,0.13,1,0.17133439620876773,171334.39620876772,700.3847601843022
RCSZ08,SELEGIE,ROCHOR,1.302153153623915,103.84964812500937,210.0,0,0.0,0.199,0.13,0,0.04962601832965029,49626.01832965029,4231.651199679873
RCSZ07,MOUNT EMILY,ROCHOR,1.3024107030238945,103.84754485629544,1630.0,0,0.0,0.199,0.13,1,0.19399234528978865,193992.34528978865,8402.39339116748
RCSZ04,ROCHOR CANAL,ROCHOR,1.3040353228099175,103.85752347122536,0.0,0,0.8,0.199,0.13,1,0.12017132121184781,120171.32121184781,0.0
QTSZ05,MARGARET DRIVE,QUEENSTOWN,1.2972244324492317,103.80818385969484,16090.0,0,1.0,0.199,0.13,6,1.026561739674254,1026561.7396742539,15673.679797481678
RVSZ04,OXLEY,RIVER VALLEY,1.2971091225645626,103.84053750680106,1490.0,0,0.0,0.199,0.13,4,0.20078663853600018,200786.6385360002,7420.812514538159
DTSZ02,CITY HALL,DOWNTOWN CORE,1.2924357661517758,103.85316804530322,80.0,0,0.0,0.199,0.13,3,0.7105687029503014,710568.7029503013,112.58587616909911
QTSZ06,MEI CHIN,QUEENSTOWN,1.29347230246104,103.8032270069761,15570.0,0,1.0,0.199,0.13,7,0.7486839958732174,748683.9958732175,20796.491024013598
RVSZ03,LEONIE HILL,RIVER VALLEY,1.2979398059789415,103.83406382935466,3120.0,0,0.0,0.199,0.13,7,0.3684829882582529,368482.98825825285,8467.14800796539
QTSZ15,PORT,QUEENSTOWN,1.2766215676879145,103.77561185524053,120.0,0,1.0,0.199,0.13,49,7.606207575212906,7606207.575212906,15.77658758499515
MUSZ01,DHOBY GHAUT,MUSEUM,1.2988498971692009,103.84518027039492,320.0,0,0.0,0.199,0.13,3,0.2219981855162844,221998.1855162844,1441.4532229432425
GLSZ02,MACPHERSON,GEYLANG,1.3273677721500636,103.8852042550787,28360.0,0,1.0,0.199,0.13,11,1.2634094039675243,1263409.4039675244,22447.197172144042
TPSZ07,KIM KEAT,TOA PAYOH,1.331887616347214,103.8586363593519,7960.0,0,1.0,0.199,0.13,0,0.36977055331155967,369770.55331155966,21526.862884868762
BDSZ04,BEDOK NORTH,BEDOK,1.330427053357414,103.9360163651932,81840.0,0,0.7870723362658847,0.199,0.13,29,3.203663493253235,3203663.493253235,25545.754156874216
TPSZ02,TOA PAYOH CENTRAL,TOA PAYOH,1.332641043607604,103.84598592578412,28020.0,0,1.0,0.199,0.13,6,1.1072670357972814,1107267.0357972814,25305.548791872377
JESZ06,JURONG GATEWAY,JURONG EAST,1.333107045234054,103.74268098562932,450.0,0,0.0,0.199,0.13,0,0.5546236756936073,554623.6756936073,811.3609636971125
BTSZ03,HOLLAND ROAD,BUKIT TIMAH,1.3270474790794935,103.7837744520674,10840.0,0,0.2356088560885609,0.199,0.13,45,3.3872430774628617,3387243.077462862,3200.2427201414366
GLSZ03,KAMPONG UBI,GEYLANG,1.3296108811552283,103.8965728774673,11800.0,0,1.0,0.199,0.13,18,1.8780014517463288,1878001.4517463287,6283.275228050189
TPSZ11,SENNETT,TOA PAYOH,1.333255718295128,103.87362325663996,7190.0,0,1.0,0.199,0.13,44,0.867750437353172,867750.437353172,8285.792424295478
TPSZ09,POTONG PASIR,TOA PAYOH,1.3330560428103904,103.86563786027912,11720.0,0,1.0,0.199,0.13,9,0.6391435693010274,639143.5693010275,18337.038128721357
TSSZ03,TUAS NORTH,TUAS,1.3267459179790255,103.65124506111329,30.0,0,0.0,0.199,0.13,37,3.260150856930944,3260150.8569309437,9.202028162660406
TPSZ06,PEI CHUN,TOA PAYOH,1.3367899373115206,103.85860695513064,10360.0,0,1.0,0.199,0.13,3,0.41140393712797035,411403.93712797033,25182.063332508755
TPSZ04,BOON TECK,TOA PAYOH,1.335268641865209,103.85302515915542,14660.0,0,1.0,0.199,0.13,3,0.4186573583136811,418657.3583136811,35016.70210467416
JWSZ06,KIAN TECK,JURONG WEST,1.3315119085096334,103.6979039975387,40.0,0,1.0,0.199,0.13,5,2.098176496413044,2098176.496413044,19.06417313718953
JWSZ07,SAFTI,JURONG WEST,1.3346032252972335,103.68317221386364,0.0,0,1.0,0.199,0.13,18,1.5245513442640657,1524551.3442640656,0.0
RCSZ01,FARRER PARK,ROCHOR,1.3089809489461592,103.85215075887665,2660.0,0,0.0,0.199,0.13,2,0.21810726463851776,218107.26463851775,12195.834028768264
NTSZ03,NEWTON CIRCUS,NEWTON,1.3115847353928238,103.83859519402664,250.0,0,0.0,0.199,0.13,2,0.213518666499547,213518.66649954702,1170.8578181876683
JESZ10,JURONG PORT,JURONG EAST,1.307331791943414,103.71876051471656,0.0,0,0.8,0.199,0.13,23,2.4648566715884477,2464856.671588448,0.0
AMSZ01,ANG MO KIO TOWN CENTRE,ANG MO KIO,1.3727695785265892,103.84681301770922,4810.0,0,1.0,0.199,0.13,1,0.3168820171781264,316882.01717812644,15179.151038085547
AMSZ06,KEBUN BAHRU,ANG MO KIO,1.373466881280018,103.83961008415277,22620.0,0,1.0,0.199,0.13,7,1.046417000052445,1046417.0000524451,21616.62128851721
SGSZ02,SERANGOON NORTH IND ESTATE,SERANGOON,1.3747844873550168,103.86475852851616,10.0,0,1.0,0.199,0.13,24,0.9214309488399591,921430.9488399591,10.852685176886622
THSZ02,TENGAH INDUSTRIAL ESTATE,TENGAH,1.363262623619626,103.71793155644508,0.0,0,0.8,0.199,0.13,22,2.393335332105528,2393335.332105528,0.0
BLSZ03,SAMULUN,BOON LAY,1.3080601145691344,103.702294698127,10.0,0,0.0,0.199,0.13,22,1.9414085397051595,1941408.5397051594,5.150899357596672
BLSZ04,SHIPYARD,BOON LAY,1.3074878792944504,103.6892756850902,0.0,0,0.8,0.199,0.13,8,2.121183852277038,2121183.852277038,0.0
QTSZ01,GHIM MOH,QUEENSTOWN,1.3109188235584512,103.78748211883848,13850.0,0,1.0,0.199,0.13,25,0.48557240828238835,485572.40828238835,28523.037478574002
KLSZ06,LAVENDER,KALLANG,1.3108256597417522,103.85913971574858,9690.0,0,1.0,0.199,0.13,1,0.7569259237393202,756925.9237393202,12801.781120311009
BDSZ05,FRANKEL,BEDOK,1.314778991316696,103.9204289719861,34490.0,0,1.0,0.199,0.13,46,4.29714071359062,4297140.71359062,8026.267301631071
CLSZ04,CLEMENTI NORTH,CLEMENTI,1.3180493046117048,103.76694488815436,28810.0,0,0.0,0.199,0.13,5,0.9910572611922893,991057.2611922893,29069.96510508403
BTSZ07,LEEDON PARK,BUKIT TIMAH,1.316937047014799,103.7969572361115,6440.0,0,0.396583850931677,0.199,0.13,21,2.038512463526253,2038512.463526253,3159.166360386132
GLSZ05,GEYLANG EAST,GEYLANG,1.316940840983096,103.89835056696543,29920.0,0,1.0,0.199,0.13,26,2.578425365597378,2578425.365597378,11603.981406329378
JESZ09,TEBAN GARDENS,JURONG EAST,1.314860941833374,103.74315558396744,18530.0,0,0.0,0.199,0.13,41,3.187584075141108,3187584.075141108,5813.180001904644
JESZ08,JURONG RIVER,JURONG EAST,1.3194152167012765,103.72879509333752,10.0,0,0.0,0.199,0.13,12,2.560995936210574,2560995.936210574,3.904730912926277
KLSZ02,GEYLANG BAHRU,KALLANG,1.3216390136962597,103.87024965549035,11280.0,0,1.0,0.199,0.13,6,0.735502226411724,735502.226411724,15336.459353809776
NTSZ02,GOODWOOD PARK,NEWTON,1.3135866623216337,103.83429729029189,1260.0,0,0.0,0.199,0.13,1,0.35130522913901163,351305.22913901164,3586.6246656448643
CLSZ09,PANDAN,CLEMENTI,1.3080701000705766,103.75450339533822,20.0,0,0.0,0.199,0.13,7,1.3129227211146308,1312922.7211146308,15.233189035696341
QTSZ09,SINGAPORE POLYTECHNIC,QUEENSTOWN,1.3113487739756944,103.77718152461328,100.0,0,1.0,0.199,0.13,11,0.9474528670718264,947452.8670718264,105.54614743956334
CLSZ06,CLEMENTI CENTRAL,CLEMENTI,1.3120646278053942,103.76308824744082,14000.0,0,0.0,0.199,0.13,4,0.749198897730123,749198.897730123,18686.626531908074
KLSZ07,KAMPONG JAVA,KALLANG,1.3136159595797694,103.85036159442014,10530.0,0,1.0,0.199,0.13,4,1.0520322749306619,1052032.2749306618,10009.198625293144
KLSZ03,BOON KENG,KALLANG,1.31488371038874,103.872300214973,11790.0,0,1.0,0.199,0.13,10,0.4109390042881411,410939.0042881411,28690.389271817865
KLSZ08,KALLANG BAHRU,KALLANG,1.314076136899629,103.86547990899592,20.0,0,1.0,0.199,0.13,16,0.8396793860578449,839679.3860578449,23.818614976243104
BTSZ04,ULU PANDAN,BUKIT TIMAH,1.3163218966445094,103.7812925144643,11020.0,0,0.2317604355716878,0.199,0.13,11,1.2270608648539927,1227060.8648539926,8980.809604184764
BTSZ08,FARRER COURT,BUKIT TIMAH,1.3168380421335892,103.8051294388724,6180.0,0,0.4132686084142394,0.199,0.13,4,0.5587605315998436,558760.5315998436,11060.194216483793
TNSZ01,NASSIM,TANGLIN,1.3138608468962922,103.82435727962608,9520.0,0,0.0,0.199,0.13,23,2.096085230214293,2096085.2302142929,4541.800048381966
CLSZ05,WEST COAST,CLEMENTI,1.3162747028796988,103.75508863410587,6870.0,0,0.0,0.199,0.13,4,0.7225886744557733,722588.6744557733,9507.483638840902
BDSZ08,BAYSHORE,BEDOK,1.3138402686397517,103.94865078114977,7450.0,0,1.0,0.199,0.13,34,2.5504616725027383,2550461.6725027384,2921.0397789233984
PNSZ03,BENOI SECTOR,PIONEER,1.3177538702674785,103.686569536492,10.0,0,0.0,0.199,0.13,22,2.0426309803069174,2042630.9803069173,4.895646886985647
PNSZ02,GUL CIRCLE,PIONEER,1.3153824491404005,103.66882990242571,20.0,0,0.0,0.199,0.13,28,3.260399458937414,3260399.458937414,6.13421767850438
TNSZ04,TYERSALL,TANGLIN,1.3145867440825516,103.81294533814923,3880.0,0,0.0,0.199,0.13,62,2.158289715790866,2158289.715790866,1797.719727621574
NVSZ02,MOULMEIN,NOVENA,1.3176442166714577,103.8428202353417,9300.0,0,0.0,0.199,0.13,31,1.3474560114453986,1347456.0114453987,6901.89506819151
BLSZ02,LIU FANG,BOON LAY,1.3182527778884787,103.70823223132425,10.0,0,0.0,0.199,0.13,13,2.338909488882868,2338909.488882868,4.275496784946687
ORSZ01,TANGLIN,ORCHARD,1.3048186157648043,103.82579662754884,370.0,0,0.0,0.199,0.13,3,0.1675370653891567,167537.0653891567,2208.466521366842
MPSZ03,MARINE PARADE,MARINE PARADE,1.3028146514825378,103.90757425060777,26880.0,0,0.2922247023809524,0.199,0.13,3,1.1600174782851702,1160017.4782851702,23172.064648315598
PNSZ01,JOO KOON,PIONEER,1.3255957737331936,103.67952177125656,30.0,0,0.0,0.199,0.13,13,2.3493782564697154,2349378.2564697154,12.769335851894445
GLSZ01,KALLANG WAY,GEYLANG,1.3258341867949357,103.87610383180866,30.0,0,1.0,0.199,0.13,9,0.9634946905706128,963494.6905706128,31.136653158133157
JESZ07,INTERNATIONAL BUSINESS PARK,JURONG EAST,1.3263416162959327,103.7480871239683,10.0,0,0.0,0.199,0.13,2,0.4850223070051792,485022.3070051792,20.61760841835511
BLSZ01,TUKANG,BOON LAY,1.3256504097604354,103.70925050733476,10.0,0,0.0,0.199,0.13,16,1.881305828586964,1881305.828586964,5.315456874712886
BTSZ06,CORONATION ROAD,BUKIT TIMAH,1.325569983582593,103.8015380549468,6690.0,0,0.3817638266068759,0.199,0.13,11,1.4250831768079153,1425083.1768079153,4694.462827766392
BDSZ03,KEMBANGAN,BEDOK,1.3248058411093029,103.91561442223085,37460.0,0,1.0,0.199,0.13,18,2.387277531648641,2387277.531648641,15691.514498580449
NVSZ04,DUNEARN,NOVENA,1.3261898343656566,103.8200696432102,3960.0,0,0.0,0.199,0.13,9,1.2298944167269552,1229894.4167269552,3219.7885819650373
CLSZ02,SUNSET WAY,CLEMENTI,1.3262830305995317,103.76866786978609,5650.0,0,0.0,0.199,0.13,49,0.9639246053033426,963924.6053033426,5861.454276521939
BTSZ01,ANAK BUKIT,BUKIT TIMAH,1.3378622144768135,103.77157034866184,21870.0,0,0.1167809785093735,0.199,0.13,15,2.7732967109180073,2773296.7109180074,7885.921442845063
BTSZ02,SWISS CLUB,BUKIT TIMAH,1.3406373287907798,103.79230482128298,5340.0,0,0.4782771535580524,0.199,0.13,18,3.468506194128296,3468506.1941282963,1539.5676700937959
TMSZ05,XILIN,TAMPINES,1.3292661222831743,103.96881076742508,1760.0,0,1.0,0.199,0.13,59,7.655818727684656,7655818.727684655,229.89050062478108
CLSZ03,FABER,CLEMENTI,1.3219563635485436,103.75684865813272,5360.0,0,0.0,0.199,0.13,12,0.9481589222543821,948158.9222543822,5653.060762488888
NVSZ03,MALCOLM,NOVENA,1.3231195131653424,103.83394084355982,2950.0,0,0.0,0.199,0.13,9,1.3191123158012767,1319112.3158012768,2236.352405070271
BDSZ06,BEDOK SOUTH,BEDOK,1.321442781267262,103.94455412697307,46690.0,0,1.0,0.199,0.13,30,2.9973074591132316,2997307.4591132314,15577.314185116487
HGSZ09,DEFU INDUSTRIAL PARK,HOUGANG,1.351697665353808,103.89578138323309,20.0,0,1.0,0.199,0.13,32,1.974132048852155,1974132.048852155,10.131034553452926
CBSZ01,CHANGI BAY,CHANGI BAY,1.3274226558983535,104.02635671911914,0.0,0,0.8,0.199,0.13,0,1.9726077198506287,1972607.7198506286,0.0
PLSZ02,PAYA LEBAR EAST,PAYA LEBAR,1.3556120684469184,103.92376317131352,10.0,0,0.0,0.199,0.13,15,2.2592372541169254,2259237.2541169254,4.4262726200080875
BKSZ02,HONG KAH NORTH,BUKIT BATOK,1.3627121391666444,103.74800378647188,26150.0,0,0.0,0.199,0.13,6,0.85917918008726,859179.18008726,30436.026158529763
HGSZ06,KOVAN,HOUGANG,1.3629303140034583,103.880680210422,24810.0,0,1.0,0.199,0.13,20,1.9486132054656902,1948613.2054656902,12732.131718295921
AMSZ03,CHONG BOON,ANG MO KIO,1.364264765429552,103.85565259133747,26500.0,0,1.0,0.199,0.13,4,1.078622324077414,1078622.3240774139,24568.377094055086
SGSZ04,SERANGOON GARDEN,SERANGOON,1.3627383541972071,103.8666628375142,36080.0,0,0.5995288248337028,0.199,0.13,14,3.0231489813847303,3023148.9813847304,11934.575577374897
HGSZ01,HOUGANG CENTRAL,HOUGANG,1.3696686663059998,103.89146236348546,4720.0,0,1.0,0.199,0.13,2,0.44173344015291893,441733.4401529189,10685.177011652173
PRSZ07,LOYANG EAST,PASIR RIS,1.367988795821077,103.97342681015697,2140.0,0,1.0,0.199,0.13,16,0.9721281733633067,972128.1733633067,2201.3558074303774
BPSZ06,DAIRY FARM,BUKIT PANJANG,1.3684317900068617,103.77204619195874,6940.0,0,0.0,0.199,0.13,18,1.2359017516506787,1235901.7516506787,5615.3330883550325
PRSZ05,PASIR RIS DRIVE,PASIR RIS,1.3688664933735912,103.95941064854476,54420.0,0,0.5449099595736862,0.199,0.13,8,1.639836641142442,1639836.6411424421,33186.232478673395
TMSZ01,TAMPINES NORTH,TAMPINES,1.3662446765050005,103.9390256518351,8040.0,0,1.0,0.199,0.13,21,2.5431066343358544,2543106.6343358546,3161.4875646375276
AMSZ02,CHENG SAN,ANG MO KIO,1.3727147446745198,103.8540952773522,28070.0,0,1.0,0.199,0.13,7,0.9557101887067517,955710.1887067517,29370.82844955726
AMSZ07,SEMBAWANG HILLS,ANG MO KIO,1.3747151224132126,103.83076595030006,6850.0,0,1.0,0.199,0.13,11,0.8945160174918972,894516.0174918972,7657.7723216253635
BPSZ05,JELEBU,BUKIT PANJANG,1.3759342998688049,103.76624365255262,31310.0,0,0.0,0.199,0.13,5,0.9112082850594293,911208.2850594294,34360.969400051
CKSZ02,KEAT HONG,CHOA CHU KANG,1.3754921030415062,103.74645966585923,38180.0,0,1.0,0.199,0.13,17,1.1438136745995404,1143813.6745995404,33379.56246533524
KLSZ01,BENDEMEER,KALLANG,1.3222022725143092,103.86185623835864,37570.0,0,1.0,0.199,0.13,5,1.3768300452875772,1376830.0452875772,27287.318524598864
NVSZ01,BALESTIER,NOVENA,1.3255134555554808,103.85106739498433,32430.0,0,0.0,0.199,0.13,21,1.9266220022102865,1926622.0022102864,16832.570147540722
TSSZ02,TUAS PROMENADE,TUAS,1.3302832757910084,103.63300337311291,10.0,0,0.0,0.199,0.13,32,4.137157967008965,4137157.9670089646,2.4171182439112147
SGSZ06,SERANGOON CENTRAL,SERANGOON,1.3522330390246091,103.870675243507,24760.0,0,0.8736268174474959,0.199,0.13,10,1.061889352766827,1061889.352766827,23316.930276667797
BSSZ03,BISHAN EAST,BISHAN,1.349823907974759,103.85301426192922,28310.0,0,0.0,0.199,0.13,19,1.7944612621056335,1794461.2621056335,15776.322731414579
TMSZ03,TAMPINES WEST,TAMPINES,1.3485286052102834,103.93594937405771,79670.0,0,1.0,0.199,0.13,16,3.4752527798934167,3475252.779893417,22924.9510887215
BKSZ03,BRICKWORKS,BUKIT BATOK,1.3556445845059295,103.74219477242816,19820.0,0,0.0,0.199,0.13,17,1.2316567499795275,1231656.7499795274,16092.14580306522
SGSZ03,SERANGOON NORTH,SERANGOON,1.374381173142493,103.87338413553088,15940.0,0,1.0,0.199,0.13,6,0.6847043005147564,684704.3005147564,23280.12251130365
BKSZ04,GUILIN,BUKIT BATOK,1.3554639637823878,103.75381202250212,12940.0,0,0.0,0.199,0.13,9,1.0850800831767788,1085080.0831767789,11925.387075685403
JWSZ01,WENYA,JURONG WEST,1.3557038069936502,103.70710197573406,8280.0,0,1.0,0.199,0.13,12,1.9749432461248322,1974943.2461248322,4192.525540289191
BPSZ07,NATURE RESERVE,BUKIT PANJANG,1.353468550298314,103.7778109120893,3850.0,0,0.0,0.199,0.13,50,4.141322430954794,4141322.430954794,929.6547332858531
TMSZ02,TAMPINES EAST,TAMPINES,1.3544309377044694,103.95124157114532,130980.0,0,0.6430981829286914,0.199,0.13,36,4.343753039351681,4343753.03935168,30153.647966033815
HGSZ07,LORONG AH SOO,HOUGANG,1.356830699585221,103.88660636262966,32320.0,0,1.0,0.199,0.13,7,1.5155338913327445,1515533.8913327446,21325.818039989943
PRSZ08,FLORA DRIVE,PASIR RIS,1.359301249314618,103.96632188527474,14680.0,0,1.0,0.199,0.13,4,0.9449984488899433,944998.4488899433,15534.417032370882
BKSZ05,HILLVIEW,BUKIT BATOK,1.355663635228613,103.76392242100276,19300.0,0,0.0,0.199,0.13,16,1.9936336171509752,1993633.6171509752,9680.815890123726
CLSZ01,TOH TUCK,CLEMENTI,1.3317544849187777,103.756340422445,20.0,0,0.0,0.199,0.13,17,2.077968830570753,2077968.8305707527,9.62478344514274
NVSZ05,MOUNT PLEASANT,NOVENA,1.3338172793126388,103.8289703131776,690.0,0,0.0,0.199,0.13,28,3.1449276733113467,3144927.6733113467,219.40091209585356
BTSZ05,HILLCREST,BUKIT TIMAH,1.3331573244831736,103.80822945622536,9470.0,0,0.2696937697993664,0.199,0.13,6,2.636483258747996,2636483.258747996,3591.9059863467824
TPSZ12,JOO SENG,TOA PAYOH,1.3365974664102651,103.8823265529691,8150.0,0,1.0,0.199,0.13,18,1.0571652442197663,1057165.2442197662,7709.296199966404
JWSZ05,CHIN BEE,JURONG WEST,1.3349783902784658,103.71319775263308,0.0,0,1.0,0.199,0.13,24,1.287949824531457,1287949.824531457,0.0
TPSZ05,LORONG 8 TOA PAYOH,TOA PAYOH,1.340878966805798,103.857102042756,7160.0,0,1.0,0.199,0.13,1,0.4396467615505439,439646.7615505439,16285.80175308957
JESZ03,TOH GUAN,JURONG EAST,1.3374866777328658,103.7461061215432,14590.0,0,0.0,0.199,0.13,4,0.74688227415215,746882.27415215,19534.537777807564
TMSZ04,SIMEI,TAMPINES,1.3406648192140402,103.95400284218852,39450.0,0,1.0,0.199,0.13,17,2.777496646701526,2777496.646701526,14203.43748996049
JWSZ02,BOON LAY PLACE,JURONG WEST,1.345863707940132,103.71114826234448,29340.0,0,1.0,0.199,0.13,11,0.9063173906782338,906317.3906782338,32372.76510610008
BKSZ08,BUKIT BATOK EAST,BUKIT BATOK,1.3491364513971096,103.75753706871768,12690.0,0,0.0,0.199,0.13,7,0.380201802769107,380201.802769107,33377.011649012406
BKSZ06,BUKIT BATOK WEST,BUKIT BATOK,1.347484096771309,103.74224902704346,15000.0,0,0.0,0.199,0.13,3,0.5274716660672739,527471.6660672739,28437.5464408109
BKSZ07,BUKIT BATOK CENTRAL,BUKIT BATOK,1.3479944652936149,103.75041327602172,27290.0,0,0.0,0.199,0.13,10,0.800298564481661,800298.5644816611,34099.773773398236
SGSZ07,UPPER PAYA LEBAR,SERANGOON,1.3465667919059645,103.87704726246186,16920.0,0,1.0,0.199,0.13,6,0.8985550764290561,898555.0764290561,18830.23138352487
HGSZ08,TAI SENG,HOUGANG,1.3437712144760867,103.8876193790896,13830.0,0,1.0,0.199,0.13,24,1.7961557533099497,1796155.7533099498,7699.77769161395
TSSZ01,TENGEH,TUAS,1.337639170805056,103.65179366608812,0.0,0,0.8,0.199,0.13,26,2.2512383104117166,2251238.310411717,0.0
JESZ01,YUHUA WEST,JURONG EAST,1.3470099287799815,103.73197209869473,19160.0,0,0.0,0.199,0.13,3,0.7761424915740872,776142.4915740872,24686.18869344698
TPSZ03,BRADDELL,TOA PAYOH,1.3405389649613233,103.8495968905182,9810.0,0,1.0,0.199,0.13,23,0.4462417918819965,446241.7918819965,21983.597633531692
TPSZ10,BIDADARI,TOA PAYOH,1.3411039355423922,103.874944712625,0.0,0,1.0,0.199,0.13,7,0.5725021397965222,572502.1397965222,0.0
TPSZ08,WOODLEIGH,TOA PAYOH,1.3400358962445793,103.8663000048399,2450.0,0,1.0,0.199,0.13,9,0.8133829813909751,813382.9813909751,3012.111214584584
JWSZ04,TAMAN JURONG,JURONG WEST,1.3345100380139086,103.721196983089,39920.0,0,1.0,0.199,0.13,13,1.4842964731920991,1484296.473192099,26894.89648530177
JESZ04,LAKESIDE (LEISURE),JURONG EAST,1.336246924107684,103.72847876002486,1070.0,0,0.0,0.199,0.13,23,1.9770714933134486,1977071.4933134485,541.2045055622883
TPSZ01,TOA PAYOH WEST,TOA PAYOH,1.3399225703175424,103.84179372301662,14360.0,0,1.0,0.199,0.13,9,1.0372810944672868,1037281.0944672868,13843.884822151145
BDSZ01,KAKI BUKIT,BEDOK,1.3355792095388053,103.90956464292366,37150.0,0,1.0,0.199,0.13,25,2.820950863541812,2820950.863541812,13169.31836003579
JESZ02,YUHUA EAST,JURONG EAST,1.3404130171783215,103.73883666796638,24770.0,0,0.0,0.199,0.13,12,0.9247625030331648,924762.5030331648,26785.255585900064
BKSZ09,BUKIT BATOK SOUTH,BUKIT BATOK,1.3410397550087978,103.75812606641416,14930.0,0,0.0,0.199,0.13,14,1.8063808803600445,1806380.8803600445,8265.145054582386
JWSZ09,JURONG WEST CENTRAL,JURONG WEST,1.34013951552678,103.7020987055076,63760.0,0,1.0,0.199,0.13,16,1.404536642893793,1404536.642893793,45395.754053546145
BDSZ02,BEDOK RESERVOIR,BEDOK,1.3400407242512038,103.92632946411044,25470.0,0,1.0,0.199,0.13,24,2.3793315288977146,2379331.528897715,10704.687300050036
YSSZ05,LOWER SELETAR,YISHUN,1.409055850395713,103.8462370960546,18660.0,0,0.0,0.199,0.13,57,8.451158081324166,8451158.081324166,2207.9814175096185
PGSZ01,NORTHSHORE,PUNGGOL,1.416190725666271,103.90677370928309,460.0,0,1.0,0.199,0.13,38,1.3734075338619114,1373407.5338619114,334.9333600249862
MDSZ03,MANDAI ESTATE,MANDAI,1.4265616755249158,103.82507577772586,2090.0,0,0.0,0.199,0.13,2,0.14313794104185742,143137.9410418574,14601.299870513209
YSSZ01,YISHUN CENTRAL,YISHUN,1.4267052463079255,103.83765941163202,2620.0,0,0.0,0.199,0.13,1,0.4363685338158364,436368.5338158364,6004.099280691345
PRSZ03,PASIR RIS CENTRAL,PASIR RIS,1.3720645500275812,103.94793935838524,32240.0,0,0.919789081885856,0.199,0.13,7,1.5114873841002292,1511487.3841002292,21329.982862670135
BKSZ01,GOMBAK,BUKIT BATOK,1.3692921821184452,103.75747560540589,9930.0,0,0.0,0.199,0.13,16,2.4562530457481424,2456253.0457481425,4042.7430786046934
PLSZ01,PAYA LEBAR NORTH,PAYA LEBAR,1.3731643342618265,103.92580019017248,30.0,0,0.0,0.199,0.13,9,1.2872126589931723,1287212.6589931722,23.306172286609815
HGSZ03,HOUGANG EAST,HOUGANG,1.3763227267431128,103.89736884348844,24920.0,0,1.0,0.199,0.13,9,0.8426676261291937,842667.6261291937,29572.751138512813
HGSZ10,LORONG HALUS,HOUGANG,1.369621684813709,103.90403835744694,0.0,0,1.0,0.199,0.13,7,1.3335329861724612,1333532.9861724612,0.0
HGSZ02,KANGKAR,HOUGANG,1.3696209586177954,103.89821728461484,32290.0,0,1.0,0.199,0.13,18,1.0074100022607915,1007410.0022607914,32052.49096945236
CHSZ02,CHANGI WEST,CHANGI,1.3682819347455926,103.97783482894128,1300.0,0,0.0,0.199,0.13,38,4.803931354124628,4803931.354124628,270.61169366706866
QTSZ02,HOLLAND DRIVE,QUEENSTOWN,1.3086145105548306,103.79461594726676,12680.0,0,1.0,0.199,0.13,9,0.4706747520832478,470674.7520832478,26940.047121451076
HGSZ04,HOUGANG WEST,HOUGANG,1.37356005816862,103.8858780214234,45460.0,0,1.0,0.199,0.13,12,1.3288761977105845,1328876.1977105846,34209.35680714233
PLSZ03,PAYA LEBAR WEST,PAYA LEBAR,1.372527654796822,103.9109392939452,0.0,0,0.8,0.199,0.13,9,0.6017265924279918,601726.5924279918,0.0
BPSZ04,BANGKIT,BUKIT PANJANG,1.3771109378904378,103.77429337580732,22270.0,0,0.0,0.199,0.13,4,0.7631834294528599,763183.4294528599,29180.402954982615
SESZ01,LORONG HALUS NORTH,SENGKANG,1.3816782386957944,103.91076865154724,0.0,0,1.0,0.199,0.13,6,0.924866016499449,924866.016499449,0.0
CKSZ04,PENG SIANG,CHOA CHU KANG,1.3793425069843497,103.73862952878794,34720.0,0,1.0,0.199,0.13,7,0.8627370886515979,862737.088651598,40244.0099732644
PRSZ02,PASIR RIS WEST,PASIR RIS,1.3792860468144006,103.93981218816111,35790.0,0,0.8285554624196703,0.199,0.13,38,1.5834401644233052,1583440.164423305,22602.685471878787
AMSZ09,YIO CHU KANG WEST,ANG MO KIO,1.3812816754752972,103.84006236246168,24150.0,0,1.0,0.199,0.13,10,0.8461371973358096,846137.1973358096,28541.47066934288
CHSZ01,CHANGI POINT,CHANGI,1.3903064171558863,103.98252404142843,540.0,0,0.0,0.199,0.13,16,0.9979375195427006,997937.5195427006,541.1160412602304
SESZ03,SENGKANG TOWN CENTRE,SENGKANG,1.3916152059872269,103.89768455966691,61790.0,0,1.0,0.199,0.13,11,1.4605344409459127,1460534.4409459126,42306.43130878982
SESZ04,ANCHORVALE,SENGKANG,1.3944356296935974,103.88918935546252,48120.0,0,1.0,0.199,0.13,11,1.49668128666211,1496681.28666211,32151.13359726502
SESZ07,SENGKANG WEST,SENGKANG,1.3955292585194436,103.863158609492,10.0,0,1.0,0.199,0.13,23,1.6670864603833155,1667086.4603833156,5.998489123174023
SESZ06,FERNVALE,SENGKANG,1.3951703225152925,103.8765052469368,58800.0,0,1.0,0.199,0.13,22,2.391627044554078,2391627.044554078,24585.7731596957
PGSZ04,PUNGGOL FIELD,PUNGGOL,1.3947234360686551,103.91126044880212,48960.0,0,1.0,0.199,0.13,15,1.3787105357194416,1378710.5357194415,35511.4425628521
CKSZ06,YEW TEE,CHOA CHU KANG,1.4006827822362349,103.74793637475932,40390.0,0,1.0,0.199,0.13,13,0.9232147480747319,923214.7480747319,43749.30110706001
PRSZ01,PASIR RIS WAFER FAB PARK,PASIR RIS,1.3888407401653788,103.92868004425836,10.0,0,1.0,0.199,0.13,67,5.325421570560569,5325421.570560569,1.8777856114304528
HGSZ05,TRAFALGAR,HOUGANG,1.3810656999132205,103.88140598487529,49200.0,0,1.0,0.199,0.13,19,1.7443874073889247,1744387.4073889246,28204.743849673112
CKSZ01,TECK WHYE,CHOA CHU KANG,1.3815935321076782,103.75487063841146,24320.0,0,1.0,0.199,0.13,6,1.003202619961741,1003202.6199617409,24242.360930962768
CKSZ03,CHOA CHU KANG CENTRAL,CHOA CHU KANG,1.3850043023002103,103.74763693903658,22530.0,0,1.0,0.199,0.13,5,1.0956879647479882,1095687.9647479882,20562.423541068987
BPSZ03,FAJAR,BUKIT PANJANG,1.3847849727606332,103.77114573954192,27820.0,0,0.0,0.199,0.13,5,0.6684544392775681,668454.4392775681,41618.3936635479
BPSZ01,SENJA,BUKIT PANJANG,1.3861165334463454,103.76051545375846,20170.0,0,0.0,0.199,0.13,3,0.6248775001168717,624877.5001168717,32278.32654596713
BPSZ02,SAUJANA,BUKIT PANJANG,1.3862188017591266,103.7662552671834,25920.0,0,0.0,0.199,0.13,6,0.6749920009380295,674992.0009380295,38400.45506314037
SGSZ01,SELETAR HILLS,SERANGOON,1.3834751909404217,103.86635885918552,14700.0,0,1.0,0.199,0.13,27,2.3306832644416815,2330683.2644416816,6307.1633217057515
SESZ05,COMPASSVALE,SENGKANG,1.3849026594422504,103.88996704421318,20960.0,0,1.0,0.199,0.13,13,1.093213490924044,1093213.490924044,19172.833279146103
AMSZ12,YIO CHU KANG EAST,ANG MO KIO,1.3834703885933706,103.85339606458112,4200.0,0,1.0,0.199,0.13,12,1.861872041958072,1861872.041958072,2255.794117614545
AMSZ10,YIO CHU KANG,ANG MO KIO,1.3855809499123442,103.84629172704618,20.0,0,1.0,0.199,0.13,3,0.9094185676886759,909418.567688676,21.992073518831717
PRSZ06,LOYANG WEST,PASIR RIS,1.3770083072783856,103.9707356852154,220.0,0,1.0,0.199,0.13,14,2.1061642110162757,2106164.211016276,104.45529311023884
AMSZ08,TAGORE,ANG MO KIO,1.386805517441942,103.82833841029569,7950.0,0,1.0,0.199,0.13,36,3.334192441759531,3334192.441759531,2384.385466306378
PRSZ04,PASIR RIS PARK,PASIR RIS,1.3799972272940846,103.9548937377897,7620.0,0,1.0,0.199,0.13,10,1.7197048782190418,1719704.8782190417,4430.992838661604
CKSZ05,CHOA CHU KANG NORTH,CHOA CHU KANG,1.3924321408992235,103.74658390410336,31930.0,0,1.0,0.199,0.13,19,1.0886380001065847,1088638.0001065847,29330.22730868649
SESZ02,RIVERVALE,SENGKANG,1.3876127378748302,103.90500354667653,59700.0,0,1.0,0.199,0.13,21,1.5690347842582477,1569034.7842582478,38048.86966111643
AMSZ11,YIO CHU KANG NORTH,ANG MO KIO,1.3937001966533522,103.84685765414244,0.0,0,1.0,0.199,0.13,17,1.4645089286035267,1464508.9286035267,0.0
JWSZ08,YUNNAN,JURONG WEST,1.3445542824221377,103.69487869779782,67500.0,0,1.0,0.199,0.13,14,2.2063050091301375,2206305.0091301375,30594.138036523196
SGSZ05,LORONG CHUAN,SERANGOON,1.3484712121681226,103.86322059948034,8490.0,0,1.0,0.199,0.13,12,1.1801261115188448,1180126.1115188447,7194.146385824146
JWSZ03,HONG KAH,JURONG WEST,1.349894512593749,103.72106957567703,53890.0,0,1.0,0.199,0.13,8,1.7934636308666858,1793463.6308666859,30048.00268737974
SLSZ04,SELETAR,SELETAR,1.4089950842134469,103.88158652893787,280.0,0,0.0,0.199,0.13,28,3.916069337563858,3916069.337563858,71.50026617613078
SKSZ04,PANG SUA,SUNGEI KADUT,1.4126204735165562,103.74827249398513,20.0,0,0.0,0.199,0.13,18,2.1753800585149983,2175380.0585149983,9.193795779139762
SLSZ01,SELETAR AEROSPACE PARK,SELETAR,1.4123542067026713,103.86648037319792,20.0,0,0.0,0.199,0.13,22,3.6230107203134474,3623010.7203134475,5.520270720664521
YSSZ08,KHATIB,YISHUN,1.4179994264687403,103.82865163230818,10250.0,0,0.0,0.199,0.13,7,1.432913062380042,1432913.062380042,7153.260214527559
MDSZ01,MANDAI WEST,MANDAI,1.418319234575064,103.78433627163936,0.0,0,0.8,0.199,0.13,70,4.38841512975884,4388415.12975884,0.0
PGSZ07,CONEY ISLAND,PUNGGOL,1.4083288437387032,103.92253213134494,0.0,0,1.0,0.199,0.13,9,1.200435193331889,1200435.193331889,0.0
YSSZ04,YISHUN SOUTH,YISHUN,1.418460517217909,103.83781644442058,42240.0,0,0.0,0.199,0.13,9,1.3401679884110382,1340167.9884110382,31518.43676708141
SKSZ05,RESERVOIR VIEW,SUNGEI KADUT,1.4317423131596538,103.74675859387416,20.0,0,0.0,0.199,0.13,52,3.284130419978381,3284130.419978381,6.089892130450671
WDSZ03,WOODLANDS EAST,WOODLANDS,1.4412498779937306,103.8019273073558,98980.0,0,0.7377045867852091,0.199,0.13,40,2.5534637239306246,2553463.723930625,38763.033550222935
SBSZ03,SEMBAWANG CENTRAL,SEMBAWANG,1.4463728057600895,103.81776763949766,34800.0,0,0.0,0.199,0.13,4,0.9614217227247314,961421.7227247313,36196.394545126925
WDSZ07,GREENWOOD PARK,WOODLANDS,1.4472946499878292,103.78486957071792,40.0,0,1.0,0.199,0.13,8,1.2812965103192084,1281296.5103192085,31.21837894496008
SBSZ01,SEMBAWANG EAST,SEMBAWANG,1.4475010728064204,103.83142199489508,17340.0,0,0.0,0.199,0.13,11,0.7581234599705251,758123.4599705251,22872.264104152848
WDSZ08,SENOKO WEST,WOODLANDS,1.4511716671875827,103.79666957884191,20.0,0,1.0,0.199,0.13,6,0.9059211178633729,905921.1178633729,22.076977350048168
PGSZ03,MATILDA,PUNGGOL,1.4027066094408274,103.89702089241332,52200.0,0,1.0,0.199,0.13,7,1.4180326861744381,1418032.686174438,36811.56330805386
PGSZ05,WATERWAY EAST,PUNGGOL,1.4012449813374233,103.9147590578205,50580.0,0,1.0,0.199,0.13,10,1.4892468827099798,1489246.8827099798,33963.475490349636
SKSZ03,GALI BATU,SUNGEI KADUT,1.3999884347462062,103.76291533825156,30.0,0,0.0,0.199,0.13,69,5.186128077291928,5186128.077291927,5.784662382589148
KLSZ09,CRAWFORD,KALLANG,1.304519631753244,103.86293992118114,8380.0,0,1.0,0.199,0.13,1,0.23599695208902577,235996.95208902576,35508.93316977581
TSSZ04,TUAS BAY,TUAS,1.3123195359407314,103.64319961828448,10.0,0,0.0,0.199,0.13,52,5.864239525292692,5864239.525292693,1.705250946328098
TSSZ05,TUAS VIEW,TUAS,1.3016210357844185,103.63138178903893,10.0,0,0.0,0.199,0.13,32,4.4720293732716385,4472029.3732716385,2.2361212696338395
WCSZ03,BAHAR,WESTERN WATER CATCHMENT,1.3598480998694655,103.69925625645864,0.0,0,0.8,0.199,0.13,3,0.5001390300085142,500139.03000851424,0.0
WCSZ02,CLEANTECH,WESTERN WATER CATCHMENT,1.3531004130797304,103.69283970533012,0.0,0,0.8,0.199,0.13,3,0.697637382908168,697637.382908168,0.0
JESZ05,LAKESIDE (BUSINESS),JURONG EAST,1.329630008768179,103.7374818544886,0.0,0,0.8,0.199,0.13,9,1.1309517829946396,1130951.7829946396,0.0
THSZ03,PARK,TENGAH,1.3649204759552889,103.73382956533972,0.0,0,0.8,0.199,0.13,7,1.4591586324662233,1459158.6324662233,0.0
THSZ04,BRICKLAND,TENGAH,1.3687061270166407,103.74241249740828,0.0,0,0.8,0.199,0.13,4,0.7847123909549782,784712.3909549783,0.0
THSZ01,FOREST HILL,TENGAH,1.3726243079438751,103.73166559924462,10.0,0,0.0,0.199,0.13,6,1.0464175759516172,1046417.5759516173,9.556414408374163
THSZ06,PLANTATION,TENGAH,1.3537107649139792,103.73423607407436,0.0,0,0.8,0.199,0.13,8,0.8991025444145857,899102.5444145857,0.0
THSZ05,GARDEN,TENGAH,1.3587169621853403,103.72842161505471,0.0,0,0.8,0.199,0.13,7,0.7807597058344541,780759.705834454,0.0
PLSZ04,AIRPORT ROAD,PAYA LEBAR,1.3514711826402668,103.89732639680658,0.0,0,0.8,0.199,0.13,7,0.48285669353232485,482856.69353232486,0.0
WDSZ09,NORTH COAST,WOODLANDS,1.45065482376202,103.7807246067226,12100.0,0,1.0,0.199,0.13,18,2.4509475475799922,2450947.547579992,4936.866156906236
YSSZ06,SPRINGLEAF,YISHUN,1.4014091097478547,103.82406069330108,4370.0,0,0.0,0.199,0.13,13,2.2092107052788608,2209210.705278861,1978.0820315409392
PGSZ02,PUNGGOL TOWN CENTRE,PUNGGOL,1.4090193911578357,103.90164783514574,22260.0,0,1.0,0.199,0.13,10,1.2620371154452432,1262037.1154452432,17638.150041369216
PGSZ06,PUNGGOL CANAL,PUNGGOL,1.406590207967502,103.9179359529217,0.0,0,1.0,0.199,0.13,8,1.2524076029006244,1252407.6029006243,0.0
CCSZ01,CENTRAL WATER CATCHMENT,CENTRAL WATER CATCHMENT,1.37665108437462,103.80119639919684,0.0,0,0.8,0.199,0.13,326,37.15868894585481,37158688.94585481,0.0
SBSZ06,SEMBAWANG STRAITS,SEMBAWANG,1.458673964566777,103.83648595989108,1910.0,0,0.0,0.199,0.13,8,1.5407336748262246,1540733.6748262246,1239.6691467235075
SBSZ07,THE WHARVES,SEMBAWANG,1.4644122700831288,103.8238388813832,0.0,0,0.8,0.199,0.13,10,1.6358081380974236,1635808.1380974236,0.0
SBSZ08,SENOKO NORTH,SEMBAWANG,1.4637774915966903,103.80335790902878,10.0,0,0.0,0.199,0.13,14,2.241224891046004,2241224.891046004,4.46184585935635
CHSZ03,CHANGI AIRPORT,CHANGI,1.3467777731813526,104.00093976173667,10.0,0,0.0,0.199,0.13,166,35.66923079710324,35669230.79710324,0.28035367672722894
OTSZ02,PEOPLE'S PARK,OUTRAM,1.282339454877469,103.84080505423324,290.0,0,0.0,0.199,0.13,1,0.09135241804074433,91352.41804074433,3174.5191448644123
MPSZ01,MOUNTBATTEN,MARINE PARADE,1.3016671007000031,103.89127766789208,9980.0,0,0.7870741482965932,0.199,0.13,10,1.7119460131163424,1711946.0131163425,5829.62308597156
GLSZ04,ALJUNIED,GEYLANG,1.3144439615875263,103.8835734427831,39990.0,0,0.8578644661165291,0.199,0.13,33,2.961466150509865,2961466.150509865,13503.446592869232
SLSZ03,PULAU PUNGGOL TIMOR,SELETAR,1.4190406113618852,103.89108750030816,0.0,0,0.8,0.199,0.13,11,1.2597431403482,1259743.1403482,0.0
SKSZ02,TURF CLUB,SUNGEI KADUT,1.4187806620711323,103.76353958144666,670.0,0,0.0,0.199,0.13,16,3.2914055057491884,3291405.5057491884,203.56045428911526
WDSZ04,WOODLANDS SOUTH,WOODLANDS,1.42950431374738,103.79386651012976,41000.0,0,1.0,0.199,0.13,14,1.5760014758315135,1576001.4758315135,26015.204064684018
WDSZ05,WOODGROVE,WOODLANDS,1.4292815677583888,103.7785498460008,33790.0,0,1.0,0.199,0.13,10,1.664187247847569,1664187.247847569,20304.20557764963
YSSZ03,YISHUN EAST,YISHUN,1.427892022103711,103.8465855719554,60670.0,0,0.0,0.199,0.13,27,1.7692460549434883,1769246.0549434882,34291.44286091844
WCSZ01,MURAI,WESTERN WATER CATCHMENT,1.3825878904122673,103.6896286985971,640.0,0,0.0,0.199,0.13,657,68.55055929752217,68550559.29752217,9.336174738156126
SLSZ02,PULAU PUNGGOL BARAT,SELETAR,1.4251691934628905,103.87869831177218,0.0,0,0.8,0.199,0.13,17,2.0500511863548554,2050051.1863548555,0.0
SMSZ04,PULAU SELETAR,SIMPANG,1.443544275505754,103.86486848827307,0.0,0,0.8,0.199,0.13,10,1.611278675404015,1611278.675404015,0.0
SBSZ05,ADMIRALTY,SEMBAWANG,1.4533881833946642,103.82515275933612,13920.0,0,0.0,0.199,0.13,15,1.2616487480139722,1261648.7480139723,11033.181796369397
LKSZ01,LIM CHU KANG,LIM CHU KANG,1.4306433390119435,103.7192852380507,110.0,0,0.0,0.199,0.13,192,17.495367034528627,17495367.034528628,6.287378811939495
SMSZ01,SIMPANG NORTH,SIMPANG,1.447161405151341,103.84579755255665,0.0,0,0.8,0.199,0.13,17,3.450455359529161,3450455.359529161,0.0
SBSZ09,SENOKO SOUTH,SEMBAWANG,1.4534932721233689,103.80753813535276,30.0,0,0.0,0.199,0.13,13,1.7433601901264955,1743360.1901264954,17.208147903057974
SBSZ04,SEMBAWANG NORTH,SEMBAWANG,1.4570000322483612,103.81569620405992,25540.0,0,0.0,0.199,0.13,12,1.3944785370278445,1394478.5370278445,18315.090065448618
SMSZ02,TANJONG IRAU,SIMPANG,1.454241601861276,103.85092787899475,0.0,0,0.8,0.199,0.13,7,1.0743751211740014,1074375.1211740014,0.0
YSSZ09,YISHUN WEST,YISHUN,1.4311390462017437,103.83101158891166,53910.0,0,0.0,0.199,0.13,6,1.5177673892179813,1517767.3892179814,35519.2767896909
WDSZ01,WOODLANDS REGIONAL CENTRE,WOODLANDS,1.4386019845905504,103.78453565333486,10.0,0,1.0,0.199,0.13,6,0.5956521439235027,595652.1439235028,16.788322013131644
NESZ01,NORTH-EASTERN ISLANDS,NORTH-EASTERN ISLANDS,1.4016414063852154,104.03482291117656,50.0,0,0.0,0.199,0.13,121,67.25052413232692,67250524.13232692,0.7434886291981374
SMSZ03,SIMPANG SOUTH,SIMPANG,1.4344660460980738,103.85639359630376,0.0,0,0.8,0.199,0.13,13,2.147082066608071,2147082.0666080713,0.0
YSSZ02,NORTHLAND,YISHUN,1.4380947136210638,103.83799650329428,28000.0,0,0.0,0.199,0.13,15,1.511000363122864,1511000.363122864,18530.76986833473
WDSZ02,MIDVIEW,WOODLANDS,1.4398884999003645,103.79153165821884,35270.0,0,1.0,0.199,0.13,4,0.9364155261292714,936415.5261292714,37664.903043407045
WDSZ06,WOODLANDS WEST,WOODLANDS,1.4374636490043402,103.77565199317502,33910.0,0,1.0,0.199,0.13,14,1.648629908727254,1648629.908727254,20568.59445560987
SBSZ02,SEMBAWANG SPRINGS,SEMBAWANG,1.4409557864528628,103.8250228336302,9090.0,0,0.0,0.199,0.13,15,1.0993947204099475,1099394.7204099474,8268.185967466243
SKSZ01,KRANJI,SUNGEI KADUT,1.4343280230810591,103.75933587077202,10.0,0,0.0,0.199,0.13,35,3.6520310328755925,3652031.0328755924,2.7382023619131313
PLSZ05,PLAB,PAYA LEBAR,1.3575213138424054,103.91141206549396,0.0,0,0.8,0.199,0.13,60,7.054259455777243,7054259.455777243,0.0
MDSZ02,MANDAI EAST,MANDAI,1.4267814977221402,103.8130039080276,0.0,0,0.8,0.199,0.13,68,7.235755062802267,7235755.062802266,0.0
YSSZ07,NEE SOON,YISHUN,1.4075164723581255,103.81464337419798,890.0,0,0.0,0.199,0.13,47,2.2067499336607805,2206749.9336607805,403.3080442982399
BSSZ01,UPPER THOMSON,BISHAN,1.3576512921889832,103.832301064889,29390.0,0,0.0,0.199,0.13,28,3.8495069717373993,3849506.971737399,7634.743933645976
AMSZ05,SHANGRI-LA,ANG MO KIO,1.3679721768285331,103.83839287906925,15960.0,0,1.0,0.199,0.13,4,0.6879136651801596,687913.6651801596,23200.585782549024
AMSZ04,TOWNSVILLE,ANG MO KIO,1.3653546962396943,103.84847255683056,21140.0,0,1.0,0.199,0.13,10,0.5463938262446543,546393.8262446543,38690.041842702514
BSSZ02,MARYMOUNT,BISHAN,1.35436002668161,103.844888415435,29620.0,0,0.0,0.199,0.13,10,1.9641445922062613,1964144.5922062614,15080.356159893909
TSSZ06,TUAS VIEW EXTENSION,TUAS,1.2523841787299017,103.62760625869268,10.0,0,0.0,0.199,0.13,179,27.710219072151343,27710219.072151344,0.36087769547985854
