subzone_code,subzone_name,volunteer_id,volunteer_lat,volunteer_lon,distance,response_time,risk_score,area_weight,weighted_priority
OTSZ03,CHINATOWN,v00709,1.2763921964291292,103.84783518195913,607.9081143650159,2.228180723766176,0.009131593,0.0800885631394106,0.0007313361625438999
OTSZ03,CHINATOWN,v00897,1.287944319078304,103.84639418010407,931.8506163917205,9.008229185568112,0.009131593,0.0800885631394106,0.0007313361625438999
OTSZ03,CHINATOWN,v00927,1.2806032078154839,103.83528090677936,938.1971611438847,12.48701575603161,0.009131593,0.0800885631394106,0.0007313361625438999
OTSZ03,CHINATOWN,v00993,1.2816435411689888,103.84409005979106,190.45541663936126,9.185191984341088,0.009131593,0.0800885631394106,0.0007313361625438999
WISZ01,JURONG ISLAND AND BUKOM,v00072,1.2596147044602517,103.69344310041996,662.1401579750203,8.752016173551185,0.5083816,7.634753397465261e-05,3.881368147808826e-05
WISZ01,JURONG ISLAND AND BUKOM,v00174,1.2679487325593815,103.70392143242566,839.2644969171581,13.124584365775222,0.5083816,7.634753397465261e-05,3.881368147808826e-05
WISZ01,JURONG ISLAND AND BUKOM,v00562,1.2638892484526731,103.69474822358978,458.23514000137163,11.192124204467076,0.5083816,7.634753397465261e-05,3.881368147808826e-05
WISZ01,JURONG ISLAND AND BUKOM,v00856,1.2572063161990998,103.70089640806934,640.2904026546827,8.577452800554111,0.5083816,7.634753397465261e-05,3.881368147808826e-05
WISZ01,JURONG ISLAND AND BUKOM,v00888,1.271454834314018,103.69867154580865,986.6077513220724,7.322356933621238,0.5083816,7.634753397465261e-05,3.881368147808826e-05
BMSZ08,HENDERSON HILL,v00144,1.290263492945031,103.82629278559831,566.3311681553986,6.086551471388729,0.013699445,0.1016949152542373,0.0013931638983050848
BMSZ08,HENDERSON HILL,v00657,1.2851327717396173,103.82152089628495,226.21453926912764,12.688338528613503,0.013699445,0.1016949152542373,0.0013931638983050848
BMSZ08,HENDERSON HILL,v00965,1.28660812103121,103.82874890849087,709.7243717570548,13.134983908723049,0.013699445,0.1016949152542373,0.0013931638983050848
BMSZ09,BUKIT HO SWEE,v00380,1.28455643243202,103.83718034057397,939.1494707950286,12.378944426738583,0.007611187,0.10986410138952511,0.0008361962202626355
SISZ01,SENTOSA,v00032,1.2511572371061874,103.83850795139281,996.4330221024113,9.349293309430928,0.08220041,0.014811421591082608,0.0012175049274698428
SISZ01,SENTOSA,v00833,1.24225710611394,103.8329690632829,903.3467279452339,3.5405341067759704,0.08220041,0.014811421591082608,0.0012175049274698428
SISZ01,SENTOSA,v00931,1.2418068222218472,103.83199351497124,912.5460743844026,9.67829184193029,0.08220041,0.014811421591082608,0.0012175049274698428
BMSZ01,MARITIME SQUARE,v00643,1.2634344020989634,103.80838319090881,823.2171088178832,12.163710223484163,0.021307921,0.027637807298824247,0.0005889042145365705
BMSZ01,MARITIME SQUARE,v00974,1.264482113577227,103.80723150649553,849.9330488990752,11.54777111698269,0.021307921,0.027637807298824247,0.0005889042145365705
BMSZ15,TELOK BLANGAH RISE,v00543,1.2685928416510388,103.82692488785156,654.8921530831628,12.996978715810517,0.0045668674,0.09276225377920293,0.00042363291273476864
BMSZ15,TELOK BLANGAH RISE,v00580,1.2774733164896874,103.81867896508562,761.0543243469815,10.421626797876868,0.0045668674,0.09276225377920293,0.00042363291273476864
BMSZ15,TELOK BLANGAH RISE,v00880,1.2665916485798847,103.8260087971436,837.7693324190866,4.419766670793523,0.0045668674,0.09276225377920293,0.00042363291273476864
QTSZ14,PASIR PANJANG 2,v00330,1.2743192968503472,103.79927828658126,632.2216565872427,2.664759958747309,0.015220795,0.0233623453962437,0.0003555934699954191
QTSZ14,PASIR PANJANG 2,v00664,1.2711680375207983,103.79878539316233,847.8499786316152,10.811571604030576,0.015220795,0.0233623453962437,0.0003555934699954191
QTSZ14,PASIR PANJANG 2,v00688,1.2839937280980853,103.79482476752757,709.0286362827478,7.377354773942258,0.015220795,0.0233623453962437,0.0003555934699954191
DTSZ11,CENTRAL SUBZONE,v00226,1.273196893013725,103.85541037906563,431.00258137075855,8.093983551038576,0.012177027,0.00671858298976943,8.181236646816308e-05
RCSZ10,VICTORIA,v00060,1.2975990992289792,103.85100218528734,317.86000122525445,9.090614302289772,0.006087539,0.01343716597953886,8.179927194991602e-05
RCSZ10,VICTORIA,v00644,1.2982492056533743,103.8494342752011,425.46550664001626,10.373939879186906,0.006087539,0.01343716597953886,8.179927194991602e-05
RCSZ10,VICTORIA,v00707,1.296706153492417,103.85633052587607,495.1639470352392,3.5626939785674914,0.006087539,0.01343716597953886,8.179927194991602e-05
RCSZ10,VICTORIA,v00823,1.3000497515073433,103.84600518721554,778.476141944886,10.246727955331933,0.006087539,0.01343716597953886,8.179927194991602e-05
QTSZ10,DOVER,v00444,1.3111926441200672,103.77750008772182,842.0649117757469,12.837449505188612,0.042611275,0.0845930676439151,0.003604618468468468
QTSZ10,DOVER,v00570,1.30447664010699,103.78070707149489,145.66267111130577,14.0799646972141,0.042611275,0.0845930676439151,0.003604618468468468
CLSZ08,CLEMENTI WEST,v00064,1.3070259980080767,103.76710671286693,669.1278773063885,7.970118408760455,0.010653603,0.1165063368453199,0.0012412122597343104
CLSZ08,CLEMENTI WEST,v00083,1.2992694074557947,103.76703231031397,567.1912668588708,8.031107898560325,0.010653603,0.1165063368453199,0.0012412122597343104
NTSZ05,MONK'S HILL,v00269,1.3078473453659265,103.84000821924772,178.53206921733826,5.086635088872482,0.030443594,0.00786379599938922,0.0002394022127042297
NTSZ05,MONK'S HILL,v00661,1.3068290177693538,103.84023773334424,201.23764471635266,8.139663454118763,0.030443594,0.00786379599938922,0.0002394022127042297
BDSZ07,SIGLAP,v00161,1.310334939815776,103.9303267002259,549.0612655175064,10.464918603461763,0.009132937,0.04916781187967629,0.00044904652832493516
BDSZ07,SIGLAP,v00565,1.3051762676419791,103.92904572740547,268.37108483131027,7.237352674224282,0.009132937,0.04916781187967629,0.00044904652832493516
JESZ11,PENJURU CRESCENT,v00395,1.3022410620759053,103.7348012705725,641.368442716748,13.57126145738951,0.042618833,7.634753397465261e-05,3.253842800427546e-06
JESZ11,PENJURU CRESCENT,v00838,1.30871816973499,103.73530700239779,776.282454666462,2.583846886943006,0.042618833,7.634753397465261e-05,3.253842800427546e-06
JESZ11,PENJURU CRESCENT,v00908,1.3025452055093627,103.74717630052083,774.804017499982,4.939629306245735,0.042618833,7.634753397465261e-05,3.253842800427546e-06
KLSZ04,KAMPONG BUGIS,v00496,1.3060056684078158,103.86728511942201,429.69046141988883,8.400231240015366,0.022832425,0.007023973125668041,0.00016037433959383113
QTSZ08,ONE NORTH,v00086,1.297554996608024,103.78696060449994,446.2622937620094,8.471562604445772,0.060890365,0.005497022446174988,0.0003347157031607879
KLSZ05,TANJONG RHU,v00282,1.3013985470554608,103.88098598821765,571.847066569321,6.704090211666803,0.044130787,0.08482211024583906,0.0037432664801496413
KLSZ05,TANJONG RHU,v00294,1.3080571924233788,103.87578598765491,825.6847254795357,8.715444169797728,0.044130787,0.08482211024583906,0.0037432664801496413
PNSZ04,GUL BASIN,v00691,1.2971037709212732,103.66993545090416,861.1289124270271,8.90218981935722,0.036536343,7.634753397465261e-05,2.789459688502061e-06
PNSZ04,GUL BASIN,v00981,1.3002731672450882,103.6744405671385,343.32612541017664,7.689597265926645,0.036536343,7.634753397465261e-05,2.789459688502061e-06
QTSZ06,MEI CHIN,v00584,1.2986254830862525,103.79870674354366,760.1058015618484,7.841546646515347,0.0106550725,0.11887311039853413,0.001266601609596885
RVSZ03,LEONIE HILL,v00966,1.3067018149394847,103.83510774434488,975.7985793164646,11.115208200673376,0.010653603,0.023820430600091615,0.0002537734109024278
QTSZ15,PORT,v00225,1.2795607103045177,103.76789092677045,918.6836056289012,2.161252471605092,0.074586764,0.0009161704076958314,6.833418598259276e-05
QTSZ15,PORT,v00630,1.2757310833032063,103.78014837450327,514.3906855758171,7.039434470923412,0.074586764,0.0009161704076958314,6.833418598259276e-05
QTSZ15,PORT,v00989,1.273920609971732,103.77474028104606,314.0150115480713,11.339901315193151,0.074586764,0.0009161704076958314,6.833418598259276e-05
GLSZ02,MACPHERSON,v00131,1.3252233009446337,103.88936804547544,520.5345614560849,4.109034275172231,0.016741978,0.21652160635211481,0.0036249999700717667
GLSZ02,MACPHERSON,v00344,1.3301554947713918,103.89086762790652,701.6169903720145,6.612026793867795,0.016741978,0.21652160635211481,0.0036249999700717667
GLSZ02,MACPHERSON,v00512,1.3254729108871857,103.8872492304906,309.3465192706302,13.485041918818789,0.016741978,0.21652160635211481,0.0036249999700717667
GLSZ02,MACPHERSON,v00916,1.330837958740595,103.8888283752811,556.6960861489994,10.619613493444492,0.016741978,0.21652160635211481,0.0036249999700717667
BDSZ04,BEDOK NORTH,v00874,1.322620251329429,103.93628121120447,863.7391771786462,7.452823921445076,0.04414439,0.624828218048557,0.02758266054054054
TPSZ02,TOA PAYOH CENTRAL,v00832,1.335731854839808,103.84075263585453,675.2820116060386,10.611642152113886,0.009132909,0.21392579019697663,0.0019537647746220798
BTSZ03,HOLLAND ROAD,v00714,1.3235522742441805,103.78392016950772,386.82190227107236,6.832610833782294,0.06846889,0.08276072682852344,0.00566653510154222
GLSZ03,KAMPONG UBI,v00905,1.3264273651777494,103.8982935130925,400.7293144836399,8.79263235411265,0.027398558,0.09009009009009009,0.0024683385585585584
TPSZ11,SENNETT,v00458,1.3405981925982378,103.8706053543109,878.6198708419083,10.14104617847383,0.06698348,0.05489387692777523,0.0036769829073140937
TPSZ09,POTONG PASIR,v00862,1.3359866504244082,103.86246473507242,479.2850054541918,5.672223671701347,0.01369889,0.08947930981829287,0.001225767222476714
TSSZ03,TUAS NORTH,v00247,1.3284552444951943,103.65249795107295,234.87452799367446,2.8273318207263505,0.054819804,0.00022904260192395785,1.2556070545121392e-05
JWSZ06,KIAN TECK,v00398,1.3286982082125054,103.69948570903505,357.4694587713024,2.3308208787747615,0.007611187,0.00030539013589861045,2.3243814322797374e-06
JWSZ06,KIAN TECK,v00636,1.3342237100470364,103.69385683274217,541.0923904672582,10.663010376516684,0.007611187,0.00030539013589861045,2.3243814322797374e-06
JWSZ06,KIAN TECK,v00846,1.3243872371181071,103.696277084733,808.3478803844635,6.6425750709065365,0.007611187,0.00030539013589861045,2.3243814322797374e-06
AMSZ06,KEBUN BAHRU,v00360,1.3726422533627636,103.83694013143734,310.80925480448224,3.8477826093149496,0.0106550725,0.17269812185066422,0.0018401110089326612
SGSZ02,SERANGOON NORTH IND ESTATE,v00464,1.375010629529148,103.86313812184122,182.05671166910443,9.401905695369676,0.03653217,7.634753397465261e-05,2.7891410902427854e-06
QTSZ01,GHIM MOH,v00139,1.3090888807137881,103.79223463093065,566.2944690057399,4.436355273268569,0.03805417,0.10574133455489387,0.004023898721178806
QTSZ01,GHIM MOH,v00252,1.3155293185805776,103.79260894060502,765.1449956027981,13.8251486526757,0.03805417,0.10574133455489387,0.004023898721178806
QTSZ01,GHIM MOH,v00546,1.307448815409852,103.79341825868796,763.9785534000787,8.339161525673742,0.03805417,0.10574133455489387,0.004023898721178806
KLSZ06,LAVENDER,v00429,1.3052745037656235,103.8556479751262,726.4856524135432,6.081567325905587,0.001522432,0.07398076042143839,0.0001126306770499313
KLSZ06,LAVENDER,v00784,1.303708798051176,103.85488059072331,918.6734512391251,12.310857361957613,0.001522432,0.07398076042143839,0.0001126306770499313
BDSZ05,FRANKEL,v00608,1.3092809583144227,103.92014260312894,608.7790058322479,5.590204251671693,0.0700518,0.26332264467857686,0.01844622524049473
BDSZ05,FRANKEL,v00871,1.3119927948839258,103.92711413194277,805.2595676290701,13.62322593293226,0.0700518,0.26332264467857686,0.01844622524049473
CLSZ04,CLEMENTI NORTH,v00678,1.3193566797137224,103.76119207150606,656.3502186317996,2.755195377044547,0.0076098484,0.2199572453809742,0.0016738412918308138
CLSZ04,CLEMENTI NORTH,v00740,1.3130833288274721,103.76565190101157,567.6534341416684,2.98286552801776,0.0076098484,0.2199572453809742,0.0016738412918308138
GLSZ05,GEYLANG EAST,v00345,1.319551420319212,103.89708260847999,321.30918132222183,14.242434251046026,0.03957553,0.22843182165216064,0.009040310410749732
GLSZ05,GEYLANG EAST,v00573,1.318962834696381,103.89474949797767,458.9122045441598,6.179444116222466,0.03957553,0.22843182165216064,0.009040310410749732
GLSZ05,GEYLANG EAST,v00995,1.308292169082008,103.90055003441162,987.1554734883763,3.7122953715282163,0.03957553,0.22843182165216064,0.009040310410749732
JESZ09,TEBAN GARDENS,v00914,1.3228234956573721,103.74732381220274,995.1855202903051,14.56899149739071,0.062411353,0.14147198045503132,0.00882945771178806
CLSZ09,PANDAN,v00769,1.3026245246147723,103.75035531405831,758.7433950437324,8.507846425011198,0.01065337,0.00015269506794930523,1.62671705603909e-06
CLSZ09,PANDAN,v00820,1.3005591724937702,103.75277585586116,852.4826193290503,6.641381471610158,0.01065337,0.00015269506794930523,1.62671705603909e-06
KLSZ07,KAMPONG JAVA,v00517,1.3129390100634148,103.85898988566184,963.159470704029,2.2485092275869323,0.0060889055,0.08039395327530921,0.0004895111842647732
KLSZ03,BOON KENG,v00443,1.312281238726836,103.86904084729005,463.0206361100999,11.90472356386331,0.015220795,0.09001374255611544,0.001370080722629409
BTSZ04,ULU PANDAN,v00737,1.3177335322267907,103.77991385952852,218.87340480229966,14.887262720334867,0.01674332,0.08413498244006719,0.0014086989341884257
TNSZ01,NASSIM,v00283,1.3126748857919832,103.82385947339476,142.35982075214187,8.142413615084676,0.03500712,0.07268285234386929,0.0025444173339441135
TNSZ01,NASSIM,v00331,1.3067918035953785,103.82214542037505,819.5024266201724,5.348893864338384,0.03500712,0.07268285234386929,0.0025444173339441135
TNSZ01,NASSIM,v00623,1.3111416308374146,103.82491872635116,307.1006777902902,7.639626454494884,0.03500712,0.07268285234386929,0.0025444173339441135
PNSZ02,GUL CIRCLE,v00001,1.3123620356542087,103.67405317153545,670.41279010003,5.402173888566778,0.042624,0.00015269506794930523,6.508474576271187e-06
PNSZ02,GUL CIRCLE,v00393,1.311605425737835,103.66790316203502,430.1902846939161,7.596881400008698,0.042624,0.00015269506794930523,6.508474576271187e-06
TNSZ04,TYERSALL,v00317,1.322685883324281,103.81056106437444,934.0442005242876,5.571509831753754,0.09437467,0.029622843182165216,0.002795646049778592
PNSZ01,JOO KOON,v00098,1.3282623055075649,103.6745753048577,624.482334614214,10.24957142815395,0.019786345,0.00022904260192395785,4.531915941365094e-06
PNSZ01,JOO KOON,v00556,1.321044859863719,103.68481793596328,775.0041254234826,14.416497694792119,0.019786345,0.00022904260192395785,4.531915941365094e-06
PNSZ01,JOO KOON,v00894,1.3191550588855363,103.68161425385155,749.287418441775,10.510458929257409,0.019786345,0.00022904260192395785,4.531915941365094e-06
BLSZ01,TUKANG,v00228,1.3179293174000282,103.70968608093946,855.1338165955983,9.778647295870865,0.024349432,7.634753397465261e-05,1.8590190868834936e-06
BLSZ01,TUKANG,v00527,1.3244458507012995,103.71394916078476,539.6094936892592,4.739164530273641,0.024349432,7.634753397465261e-05,1.8590190868834936e-06
BTSZ06,CORONATION ROAD,v00692,1.327630931584925,103.80102643058538,234.89450309231555,9.736711773773859,0.016744152,0.0510765002290426,0.0008552326834631242
BTSZ06,CORONATION ROAD,v00988,1.3304482015811239,103.79858446094212,631.6709838414253,8.562342777958865,0.016744152,0.0510765002290426,0.0008552326834631242
BDSZ03,KEMBANGAN,v00675,1.3231190480968984,103.91601217452282,191.69774261526678,13.572795034270268,0.0273974,0.2859978622690487,0.007835597831730035
BDSZ03,KEMBANGAN,v00824,1.319450608077283,103.90985351225511,872.7524177068395,4.886986319013167,0.0273974,0.2859978622690487,0.007835597831730035
BDSZ03,KEMBANGAN,v00925,1.32756405134077,103.91767893251084,381.84730992700173,6.822233106050947,0.0273974,0.2859978622690487,0.007835597831730035
NVSZ04,DUNEARN,v00126,1.3281323365878768,103.82034294824365,216.9348105743369,10.682959984447152,0.013697975,0.030233623453962438,0.0004141394182317911
NVSZ04,DUNEARN,v00864,1.3322288240814684,103.81801076755877,705.9783742234534,9.561089808859517,0.013697975,0.030233623453962438,0.0004141394182317911
BTSZ02,SWISS CLUB,v00342,1.3420415312341696,103.78504918269573,822.2670654529562,2.923099638932321,0.027397675,0.0407695831424645,0.001116991788822721
BTSZ02,SWISS CLUB,v00858,1.3416200835329997,103.78421579890966,906.7559112077312,2.506089523233677,0.027397675,0.0407695831424645,0.001116991788822721
TMSZ05,XILIN,v00019,1.3295835055926346,103.96619531903522,293.1805830660434,2.2837041580813633,0.089798816,0.01343716597953886,0.00120664159535807
TMSZ05,XILIN,v00416,1.334533656593496,103.97464227691799,872.0318320268168,14.53222629253013,0.089798816,0.01343716597953886,0.00120664159535807
CLSZ03,FABER,v00107,1.3231148769106889,103.75849680756106,223.7277214859968,13.14333034098379,0.018264873,0.040922278210413804,0.0007474402143838755
CLSZ03,FABER,v00964,1.3167886842125929,103.75353318077322,680.1925389102964,14.720831089058827,0.018264873,0.040922278210413804,0.0007474402143838755
BDSZ06,BEDOK SOUTH,v00061,1.3166031869068446,103.94947084567454,765.3632401370437,2.809550376464513,0.045656968,0.35646663612765306,0.0162751857987479
BDSZ06,BEDOK SOUTH,v00407,1.316760503620249,103.93766817958767,924.8413412011134,6.73971846656802,0.045656968,0.35646663612765306,0.0162751857987479
BDSZ06,BEDOK SOUTH,v00453,1.327266602774093,103.94756199379148,725.7751899004029,9.25021474125057,0.045656968,0.35646663612765306,0.0162751857987479
PLSZ02,PAYA LEBAR EAST,v00634,1.3596340455795946,103.91817998431588,764.1028566713709,4.1703901537135835,0.022832194,7.634753397465261e-05,1.7431817071308595e-06
PLSZ02,PAYA LEBAR EAST,v00674,1.3573534168710764,103.92237016004705,247.20110146241015,4.589798573622691,0.022832194,7.634753397465261e-05,1.7431817071308595e-06
PLSZ02,PAYA LEBAR EAST,v00835,1.349510331821844,103.92470791523606,682.8417510333286,7.17187613152804,0.022832194,7.634753397465261e-05,1.7431817071308595e-06
AMSZ03,CHONG BOON,v00825,1.3612186808813769,103.85756170141644,398.23099258320576,6.181709865574132,0.0060884403,0.20232096503282945,0.0012318191170407698
PRSZ07,LOYANG EAST,v00687,1.37148380684097,103.96910287620535,617.1763368928887,3.616789187006633,0.024349874,0.01633837227057566,0.0003978373061536112
BPSZ06,DAIRY FARM,v00211,1.3646201368099757,103.77047252089439,456.4103908717812,11.80150474675819,0.027399156,0.05298518857840892,0.0014517494475492442
BPSZ06,DAIRY FARM,v00256,1.367040378737505,103.77212235795979,154.08849135454807,9.433040576628189,0.027399156,0.05298518857840892,0.0014517494475492442
BPSZ06,DAIRY FARM,v00660,1.3712334914006736,103.77888101620194,821.3023477615149,10.545595268211672,0.027399156,0.05298518857840892,0.0014517494475492442
BPSZ06,DAIRY FARM,v00915,1.365614154255594,103.77944425238181,880.2942238905599,4.915815282705585,0.027399156,0.05298518857840892,0.0014517494475492442
PRSZ05,PASIR RIS DRIVE,v00554,1.3682813914606158,103.95368258533937,640.7391371923636,14.31994433753812,0.012178606,0.41548327989005956,0.005060007165368759
PRSZ05,PASIR RIS DRIVE,v00782,1.3628173330042788,103.96070479685417,684.2151018908478,12.967445632673709,0.012178606,0.41548327989005956,0.005060007165368759
TMSZ01,TAMPINES NORTH,v00859,1.369452339978785,103.93679942115602,432.64806175898156,2.468244637788543,0.031963702,0.061383417315620706,0.00196204125881814
AMSZ02,CHENG SAN,v00497,1.3750968335552616,103.84779613840384,748.8682052429494,9.504627380030705,0.010655045,0.2143075278668499,0.00228345635326004
AMSZ02,CHENG SAN,v00787,1.3750175384298362,103.85466787286688,262.4836364785239,14.488150681671597,0.010655045,0.2143075278668499,0.00228345635326004
AMSZ02,CHENG SAN,v00850,1.3786155051960132,103.85832432506209,804.5046214759517,6.661519999823351,0.010655045,0.2143075278668499,0.00228345635326004
BPSZ05,JELEBU,v00358,1.375732674382039,103.76868837074937,272.9788024714454,2.8637699766250737,0.0076098205,0.23904412887463736,0.0018190829123148574
BPSZ05,JELEBU,v00566,1.3769753060563898,103.7694953014595,379.73501307642704,5.838776422623263,0.0076098205,0.23904412887463736,0.0018190829123148574
BPSZ05,JELEBU,v00950,1.3792239306510925,103.77360774646955,896.6308983821125,14.128023213405738,0.0076098205,0.23904412887463736,0.0018190829123148574
BPSZ05,JELEBU,v00962,1.3809456328399166,103.76396195587851,609.5367880412447,6.489445379183542,0.0076098205,0.23904412887463736,0.0018190829123148574
CKSZ02,KEAT HONG,v00803,1.3728865080500439,103.74130056340083,642.3794562863212,14.26812070666287,0.025878353,0.2914948847152237,0.007543407524354864
KLSZ01,BENDEMEER,v00329,1.3258800187283368,103.86348311020035,445.1496607951154,10.273217812384292,0.0076117637,0.2868376851427699,0.0021833406795617656
KLSZ01,BENDEMEER,v00567,1.3176732135299196,103.86701995971659,762.2649530002188,5.020996199728621,0.0076117637,0.2868376851427699,0.0021833406795617656
KLSZ01,BENDEMEER,v00836,1.3256776348513644,103.8625914429326,392.9016688009338,13.953903320528646,0.0076117637,0.2868376851427699,0.0021833406795617656
NVSZ01,BALESTIER,v00788,1.3202554250290919,103.84557343390402,843.7245385977146,4.5600341578945685,0.031963143,0.24759505267979845,0.00791391607489693
TSSZ02,TUAS PROMENADE,v00311,1.3316914262116908,103.63204593855386,188.67385852513794,8.596355203331516,0.048705548,7.634753397465261e-05,3.7185484806840737e-06
TSSZ02,TUAS PROMENADE,v00392,1.323785303073428,103.629398698932,822.917028215981,4.169182622083786,0.048705548,7.634753397465261e-05,3.7185484806840737e-06
TSSZ02,TUAS PROMENADE,v00568,1.3312424766071187,103.63821412553386,589.5225560048613,5.653058485813277,0.048705548,7.634753397465261e-05,3.7185484806840737e-06
TSSZ02,TUAS PROMENADE,v00655,1.329497863868904,103.63505709870553,244.50228405278813,11.978379170732937,0.048705548,7.634753397465261e-05,3.7185484806840737e-06
SGSZ06,SERANGOON CENTRAL,v00143,1.3491745517677156,103.87120646102362,343.32020562245225,11.23315638210305,0.015220795,0.18903649412123988,0.0028772857245380973
SGSZ06,SERANGOON CENTRAL,v00148,1.3508037069686585,103.86338073386337,827.0387814500175,6.651377449230743,0.015220795,0.18903649412123988,0.0028772857245380973
SGSZ06,SERANGOON CENTRAL,v00154,1.3468358280832688,103.87205630870412,616.2696547432689,12.737716765205063,0.015220795,0.18903649412123988,0.0028772857245380973
SGSZ06,SERANGOON CENTRAL,v00633,1.3535032326346998,103.86596468979488,542.7200316532535,2.056722505454018,0.015220795,0.18903649412123988,0.0028772857245380973
BSSZ03,BISHAN EAST,v00173,1.3536279174897843,103.85272541080667,421.85450991205545,4.273458683287473,0.02892822,0.21613986868224155,0.006252541672010994
BSSZ03,BISHAN EAST,v00957,1.3556753115848512,103.85702607981408,786.1094659395036,11.476753801525614,0.02892822,0.21613986868224155,0.006252541672010994
TMSZ03,TAMPINES WEST,v00028,1.3542703315240834,103.93781975941403,668.1421202766505,14.756862176464207,0.024352113,0.6082608031760575,0.01481243581241411
TMSZ03,TAMPINES WEST,v00137,1.3556371865230097,103.9404827656195,934.0127420906223,3.032285600359384,0.024352113,0.6082608031760575,0.01481243581241411
BKSZ03,BRICKWORKS,v00288,1.3627933904122729,103.74025077248366,819.5494182001129,6.30751109233966,0.025880385,0.15132081233776148,0.003916240881814017
SGSZ03,SERANGOON NORTH,v00725,1.3723419339539735,103.87686453667764,448.18135983423315,7.174068808408537,0.009132937,0.12169796915559628,0.001111459885326004
JWSZ01,WENYA,v00130,1.3532241907732696,103.70390151350412,449.4853473944704,7.557365942967997,0.018264743,0.06321575813101236,0.0011546195758131012
JWSZ01,WENYA,v00748,1.3630658583341966,103.70392528349801,887.5095878536903,3.910515224646726,0.018264743,0.06321575813101236,0.0011546195758131012
BPSZ07,NATURE RESERVE,v00264,1.355498895709121,103.78208805963271,526.285518043152,7.763940186929441,0.07609657,0.02939380058024126,0.0022367674034203698
BPSZ07,NATURE RESERVE,v00480,1.3569293532510447,103.77423332592517,552.2330812979114,12.324738613142271,0.07609657,0.02939380058024126,0.0022367674034203698
TMSZ02,TAMPINES EAST,v00351,1.3509408775740264,103.94681259844897,625.9982943811151,10.269248603324048,0.054798014,1.0,0.054798014
TMSZ02,TAMPINES EAST,v00849,1.3506585030993727,103.95476996008371,572.8808310778871,9.33296237483573,0.054798014,1.0,0.054798014
TMSZ02,TAMPINES EAST,v00979,1.348909874160371,103.94909210019384,655.6840705215959,11.148097135177663,0.054798014,1.0,0.054798014
HGSZ07,LORONG AH SOO,v00307,1.3548901044903585,103.88563477285297,240.28411275611714,3.1322059683450294,0.0106550725,0.24675522980607725,0.002629194863337914
PRSZ08,FLORA DRIVE,v00104,1.3525712073494107,103.97110091327808,914.6911910001692,11.046688536194432,0.0060889055,0.11207817987479005,0.0006824334458695984
PRSZ08,FLORA DRIVE,v00302,1.3594063894704445,103.97448489849748,908.5228389160702,9.43663236380091,0.0060889055,0.11207817987479005,0.0006824334458695984
BKSZ05,HILLVIEW,v00637,1.359785179936507,103.75972636632372,652.5041151822378,14.558617566672805,0.024351943,0.14735074057107955,0.003588276835394717
BKSZ05,HILLVIEW,v00693,1.3522831136053366,103.75946521110892,621.1114980150422,2.129009674661863,0.024351943,0.14735074057107955,0.003588276835394717
BKSZ05,HILLVIEW,v00734,1.3569196274307358,103.77043335355614,737.7815052156935,14.45126741284665,0.024351943,0.14735074057107955,0.003588276835394717
NVSZ05,MOUNT PLEASANT,v00596,1.3421884920788616,103.83135476680256,962.9322152640501,12.079499955240763,0.042625006,0.005267979844251031,0.00022454767246907927
BTSZ05,HILLCREST,v00606,1.3382336304098177,103.80762391636331,565.3428195565596,8.644678810083988,0.009132313,0.07230111467399603,0.0006602764094518247
JESZ03,TOH GUAN,v00739,1.3317404725710655,103.74710374035091,645.0129651456857,14.51598855329168,0.0060875667,0.11139105206901817,0.0006781004592533211
HGSZ08,TAI SENG,v00650,1.3495326596787172,103.88349787909719,785.0125056035585,7.950094867070821,0.03653634,0.10558863948694457,0.003857822432432432
TPSZ03,BRADDELL,v00363,1.337475867147455,103.84918663342539,341.76513849913704,5.835529199504031,0.03500471,0.07489693082913422,0.002621745343563903
TPSZ03,BRADDELL,v00495,1.3391095214819946,103.84137943735254,928.0730041662779,8.646581008609765,0.03500471,0.07489693082913422,0.002621745343563903
JWSZ04,TAMAN JURONG,v00040,1.3320457481218804,103.72611613513224,611.5159637713081,5.262566597423874,0.019787282,0.30477935562681324,0.00603075505756604
JWSZ04,TAMAN JURONG,v00830,1.3356653822669422,103.71712881468038,470.42321777518833,2.379206927388438,0.019787282,0.30477935562681324,0.00603075505756604
JWSZ04,TAMAN JURONG,v01000,1.3338017318873867,103.71287482987728,929.4740716614077,13.328382444481106,0.019787282,0.30477935562681324,0.00603075505756604
TPSZ01,TOA PAYOH WEST,v00583,1.3477854281978607,103.83779053407447,976.9323352541545,8.540091360137872,0.01369889,0.10963505878760116,0.0015018786104748817
BDSZ01,KAKI BUKIT,v00713,1.3414728565650476,103.91230463442737,719.501471462009,6.525242711187746,0.0380449,0.2836310887158345,0.01079071640708505
JWSZ09,JURONG WEST CENTRAL,v00341,1.3474847625350497,103.70307315540448,819.4077484882105,11.765314621509436,0.024351453,0.4867918766223851,0.011854089504351809
JWSZ09,JURONG WEST CENTRAL,v00491,1.3366970258357138,103.69501765234973,875.164275342872,5.715186221836312,0.024351453,0.4867918766223851,0.011854089504351809
JWSZ09,JURONG WEST CENTRAL,v00526,1.3406079479384911,103.7027106270882,85.56029086529426,5.623878341389189,0.024351453,0.4867918766223851,0.011854089504351809
BDSZ02,BEDOK RESERVOIR,v00741,1.3388039357008819,103.93101515822674,539.1020771901244,6.753849727397827,0.036528334,0.1944571690334402,0.007103196419147962
YSSZ05,LOWER SELETAR,v00171,1.4032693085526846,103.84677076735029,642.596918669456,10.922253556919266,0.08674852,0.14246449839670178,0.012358584388456252
PGSZ01,NORTHSHORE,v00510,1.417715852516508,103.90595330461684,191.76884727351754,13.610172667540395,0.057821773,0.0035119865628340206,0.00020306928981523898
PGSZ01,NORTHSHORE,v00743,1.4242828140528754,103.90772195745653,900.9834746746981,4.5458300937455105,0.057821773,0.0035119865628340206,0.00020306928981523898
PGSZ01,NORTHSHORE,v00806,1.420933270687417,103.90986141247247,626.9569169647081,14.705002803889547,0.057821773,0.0035119865628340206,0.00020306928981523898
PRSZ03,PASIR RIS CENTRAL,v00049,1.3640130838029838,103.94803954956038,890.3599622905932,9.065996825454398,0.0106550725,0.24614444953428005,0.002622686955260345
PRSZ03,PASIR RIS CENTRAL,v00686,1.3670288679041789,103.94480579290905,657.0082132388976,2.2512592019288133,0.0106550725,0.24614444953428005,0.002622686955260345
PLSZ01,PAYA LEBAR NORTH,v00553,1.3655720516323457,103.92767554377072,865.0690709803794,12.507057730119888,0.01369742,0.00022904260192395785,3.137292716445259e-06
HGSZ02,KANGKAR,v00066,1.3628088249474746,103.89503292063556,832.4503078497185,12.22161659199243,0.027395302,0.2465261872041533,0.006753659349366316
HGSZ02,KANGKAR,v00164,1.3607324052224274,103.89740330251664,987.0166775186119,12.938818190101879,0.027395302,0.2465261872041533,0.006753659349366316
HGSZ02,KANGKAR,v00478,1.3661562853203961,103.90491405391064,837.9722068266387,12.276627325573505,0.027395302,0.2465261872041533,0.006753659349366316
HGSZ02,KANGKAR,v00792,1.3758689496050391,103.89497350748859,779.4988995096953,14.754868513293685,0.027395302,0.2465261872041533,0.006753659349366316
CHSZ02,CHANGI WEST,v00426,1.3648586646971206,103.98604747857442,989.2541926478399,13.70108137921425,0.057863787,0.00992517941670484,0.000574308467704993
CHSZ02,CHANGI WEST,v00839,1.374176505083413,103.97123345613042,982.1132679686762,11.893103005440096,0.057863787,0.00992517941670484,0.000574308467704993
CHSZ02,CHANGI WEST,v00866,1.3678920993924653,103.97495522659885,323.35121630834357,9.54115485070291,0.057863787,0.00992517941670484,0.000574308467704993
PRSZ02,PASIR RIS WEST,v00980,1.3790528546750667,103.93677342671673,339.1576454122176,14.613342426438741,0.05783414,0.2732478240952817,0.015803052913421895
CHSZ01,CHANGI POINT,v00102,1.3909231233791342,103.98764105205632,573.5248418964941,8.92937527419982,0.024350677,0.004122766834631242,0.00010039216353641779
CHSZ01,CHANGI POINT,v00221,1.397283867690103,103.98034542490016,808.7291652655397,11.147917706990345,0.024350677,0.004122766834631242,0.00010039216353641779
CHSZ01,CHANGI POINT,v00239,1.3936416887721503,103.98727737116589,644.8524711322801,3.026599108480772,0.024350677,0.004122766834631242,0.00010039216353641779
CHSZ01,CHANGI POINT,v00383,1.388682854033965,103.98776492893411,610.246838717006,13.916258065935695,0.024350677,0.004122766834631242,0.00010039216353641779
CHSZ01,CHANGI POINT,v00545,1.3854384721373687,103.98517075009504,613.590963267687,3.151861281605828,0.024350677,0.004122766834631242,0.00010039216353641779
CHSZ01,CHANGI POINT,v00757,1.386021826778554,103.98383065772842,495.5807548540388,8.109847486053177,0.024350677,0.004122766834631242,0.00010039216353641779
SESZ07,SENGKANG WEST,v00219,1.3948898697141643,103.86180448571245,166.45666392198254,13.345799914359663,0.03500404,7.634753397465261e-05,2.672472133150099e-06
SESZ07,SENGKANG WEST,v00462,1.394763090634819,103.8604931908166,308.4867848931007,13.444091907936052,0.03500404,7.634753397465261e-05,2.672472133150099e-06
PGSZ04,PUNGGOL FIELD,v00943,1.3954261165055593,103.91395879084459,310.17892759936933,5.855278858677099,0.02283137,0.3737975263398992,0.008534309628950985
CKSZ06,YEW TEE,v00505,1.4054193517661637,103.75207824751433,697.6888890907076,4.606168701869237,0.019788079,0.30836768972362194,0.006102004205298519
PRSZ01,PASIR RIS WAFER FAB PARK,v00481,1.3888195914405788,103.92713368647001,172.10541941756438,5.584978387267641,0.101979546,7.634753397465261e-05,7.785886852954649e-06
PRSZ01,PASIR RIS WAFER FAB PARK,v00511,1.384024558780737,103.92519429548643,658.854638775591,2.8119487170479287,0.101979546,7.634753397465261e-05,7.785886852954649e-06
PRSZ01,PASIR RIS WAFER FAB PARK,v00780,1.3923442898655891,103.93634863177037,937.2284108725937,4.719411050303062,0.101979546,7.634753397465261e-05,7.785886852954649e-06
HGSZ05,TRAFALGAR,v00021,1.3835558684167137,103.87896810689874,386.5540940882731,14.524127644776156,0.028921125,0.3756298671552909,0.010863638341731562
BPSZ01,SENJA,v00659,1.3937751723994802,103.75879260682972,868.2864297855749,4.755922711082555,0.004565618,0.15399297602687434,0.0007030731032218659
BPSZ02,SAUJANA,v00230,1.3893415877991788,103.76373360252602,444.95594419671863,5.898948449590801,0.009131598,0.19789280806229959,0.0018070775703160787
BPSZ02,SAUJANA,v00346,1.384755029415665,103.77019733377922,467.6071646781443,10.691444407397883,0.009131598,0.19789280806229959,0.0018070775703160787
SGSZ01,SELETAR HILLS,v00794,1.3834362706303944,103.87209111168335,637.9411826591681,5.374043181289174,0.041099384,0.11223087494273935,0.004612619825927623
SESZ05,COMPASSVALE,v00004,1.379597545259111,103.89288995456383,670.7631888014589,5.2441005980435795,0.019786265,0.1600244312108719,0.0031662858024125826
AMSZ12,YIO CHU KANG EAST,v00194,1.3899304371819803,103.84836620710699,907.5139334053164,9.28572820274572,0.018264743,0.0320659642693541,0.0005856765964269353
AMSZ12,YIO CHU KANG EAST,v00299,1.3868671427457,103.85457209981745,397.7451300143281,3.4043348036989878,0.018264743,0.0320659642693541,0.0005856765964269353
AMSZ12,YIO CHU KANG EAST,v00929,1.3900434659478442,103.8569302103621,826.4093699274895,11.80522737586705,0.018264743,0.0320659642693541,0.0005856765964269353
PRSZ06,LOYANG WEST,v00663,1.3817324458070661,103.96775678928577,618.6865605734087,4.804628829293904,0.021307921,0.0016796457474423576,3.578975889448771e-05
PRSZ04,PASIR RIS PARK,v00560,1.3860928654060394,103.9600092493592,882.2709120564242,8.508115484915432,0.015220767,0.058176820888685296,0.0008854958355474118
CKSZ05,CHOA CHU KANG NORTH,v00347,1.3905280952602932,103.73837399701878,937.5992660078887,10.822709436743342,0.028922305,0.2437776759810658,0.007050612296915559
CKSZ05,CHOA CHU KANG NORTH,v00492,1.386039779340461,103.74930071665173,768.783872558451,4.641900184119135,0.028922305,0.2437776759810658,0.007050612296915559
SESZ02,RIVERVALE,v00201,1.3926094938462863,103.9033052783716,583.9460663088911,14.698404270638571,0.0319628,0.4557947778286761,0.014568477324782409
JWSZ08,YUNNAN,v00090,1.3416644775485849,103.69266868055337,403.23384637039084,6.9454600975983105,0.021309469,0.5153458543289052,0.010981746507100322
JWSZ08,YUNNAN,v00232,1.3507911279315576,103.69198184235643,761.2720976671228,2.625856867718595,0.021309469,0.5153458543289052,0.010981746507100322
JWSZ08,YUNNAN,v00581,1.3377407268714783,103.69277883844639,788.8191067356713,3.5979688200500384,0.021309469,0.5153458543289052,0.010981746507100322
JWSZ08,YUNNAN,v00609,1.351025181256457,103.69348483276417,732.1407508424232,11.19069433692431,0.021309469,0.5153458543289052,0.010981746507100322
JWSZ03,HONG KAH,v00189,1.358895173506802,103.72038542677872,998.1552343885926,12.249815462292883,0.012178578,0.411436860589403,0.0050107158987631704
SLSZ04,SELETAR,v00215,1.4136537664042608,103.87747289031259,689.1548530243527,11.446722896914203,0.042619836,0.002137730951290273,9.110974255611543e-05
SKSZ04,PANG SUA,v00236,1.4167356345784516,103.7474105374895,465.03443224625437,9.711880411395995,0.027401032,0.00015269506794930523,4.1840024431210865e-06
SKSZ04,PANG SUA,v00382,1.409021149609245,103.7564326146607,991.4929663785385,13.14831038959669,0.027401032,0.00015269506794930523,4.1840024431210865e-06
SKSZ04,PANG SUA,v00561,1.4112239304297671,103.74136855172108,783.6765997492464,12.328702078379733,0.027401032,0.00015269506794930523,4.1840024431210865e-06
SLSZ01,SELETAR AEROSPACE PARK,v00092,1.4139734361668985,103.85985865959695,758.342740452728,14.538196500710551,0.033489104,0.00015269506794930523,5.11362101084135e-06
SLSZ01,SELETAR AEROSPACE PARK,v00338,1.4110973578140071,103.87209129697251,639.6958206337741,6.797689282891915,0.033489104,0.00015269506794930523,5.11362101084135e-06
SLSZ01,SELETAR AEROSPACE PARK,v00385,1.4205213131411658,103.86269466581652,996.5131193974771,6.145268638174805,0.033489104,0.00015269506794930523,5.11362101084135e-06
YSSZ04,YISHUN SOUTH,v00087,1.4188818535014192,103.84536455568428,841.2870798304796,3.3711580994361974,0.013699103,0.32249198350893266,0.00441785089876317
YSSZ04,YISHUN SOUTH,v00877,1.4147916686542192,103.83613907618351,446.5681429085251,8.468018077899329,0.013699103,0.32249198350893266,0.00441785089876317
SKSZ05,RESERVOIR VIEW,v00077,1.4313811040057838,103.75373065886387,776.9134439731993,5.1043507479600105,0.07915732,0.00015269506794930523,1.2086932356084898e-05
SKSZ05,RESERVOIR VIEW,v00654,1.423631842255299,103.74405456298861,945.9541045479332,2.6806152624371413,0.07915732,0.00015269506794930523,1.2086932356084898e-05
WDSZ03,WOODLANDS EAST,v00280,1.4387378008308302,103.79955526138053,383.19583584663616,2.9221188097390547,0.060875,0.7556878912811116,0.046002500381737664
WDSZ03,WOODLANDS EAST,v00422,1.4368854428383662,103.80289392347535,494.44045605268195,2.303577252266417,0.060875,0.7556878912811116,0.046002500381737664
WDSZ03,WOODLANDS EAST,v00451,1.4331440747782311,103.79886990560337,958.705648990313,5.513219997700182,0.060875,0.7556878912811116,0.046002500381737664
SBSZ03,SEMBAWANG CENTRAL,v00114,1.4424361138693251,103.81478976915736,547.0880699078256,13.621866230102315,0.006086982,0.2656894182317911,0.0016172467063673844
SBSZ03,SEMBAWANG CENTRAL,v00508,1.4467611728769507,103.81344101869075,483.3960385766873,7.708947616238728,0.006086982,0.2656894182317911,0.0016172467063673844
SBSZ03,SEMBAWANG CENTRAL,v00619,1.4418603839379185,103.82311336694801,776.4426467654533,12.955254728087214,0.006086982,0.2656894182317911,0.0016172467063673844
WDSZ08,SENOKO WEST,v00525,1.4514986114133412,103.79434870367453,260.7941930917682,12.457683699833565,0.009132864,0.00015269506794930523,1.3945432890517634e-06
PGSZ03,MATILDA,v00987,1.4065207189283209,103.8911757227895,775.2433534769718,2.6716933815534945,0.01065608,0.3985341273476867,0.004246811543747137
PGSZ05,WATERWAY EAST,v00177,1.4072813214307398,103.91193815806045,737.6068860314223,5.630589149907335,0.015222459,0.38616582684379297,0.005878393466330738
KLSZ09,CRAWFORD,v00405,1.2960148803091835,103.86552181104872,983.3305165695115,10.80256831655512,0.0015229393,0.0639792334707589,9.743648903649413e-05
TSSZ04,TUAS BAY,v00178,1.3160206038901612,103.64279225553078,411.74851639406126,10.357464830763199,0.07914535,7.634753397465261e-05,6.042552298060773e-06
TSSZ04,TUAS BAY,v00594,1.303700184997159,103.64164385975366,968.6826432692214,8.762208600039765,0.07914535,7.634753397465261e-05,6.042552298060773e-06
TSSZ05,TUAS VIEW,v00136,1.2969608796062266,103.63045234379611,525.5755322852308,13.573354689231428,0.048716437,7.634753397465261e-05,3.7193798289815236e-06
TSSZ05,TUAS VIEW,v00217,1.2976199094477803,103.63295241824633,475.702550064212,12.78213064316501,0.048716437,7.634753397465261e-05,3.7193798289815236e-06
TSSZ05,TUAS VIEW,v00715,1.3046604799628985,103.62326551820219,963.7661392095101,2.017597134301086,0.048716437,7.634753397465261e-05,3.7193798289815236e-06
THSZ01,FOREST HILL,v00029,1.3777243706586126,103.7276401892973,720.2165185373641,5.334890811775221,0.0091306195,7.634753397465261e-05,6.971002824858756e-07
THSZ01,FOREST HILL,v00285,1.3734840422988521,103.7305845232976,153.336168607944,3.82031326819313,0.0091306195,7.634753397465261e-05,6.971002824858756e-07
WDSZ09,NORTH COAST,v00315,1.4507940361536618,103.78092731380731,27.309766001910287,14.906618906987914,0.027395302,0.09238051610932967,0.0025307921377309512
WDSZ09,NORTH COAST,v00377,1.4534625932908365,103.77812210200106,424.5811012821356,5.9820754841167645,0.027395302,0.09238051610932967,0.0025307921377309512
YSSZ06,SPRINGLEAF,v00548,1.40147195867784,103.8200906168625,441.8702275205805,7.2980594034216,0.019787097,0.033363872346923194,0.0006601741784241869
YSSZ06,SPRINGLEAF,v00895,1.4004255409711939,103.82203397972091,250.39807416314252,3.970735972401292,0.019787097,0.033363872346923194,0.0006601741784241869
PGSZ02,PUNGGOL TOWN CENTRE,v00631,1.4140048757653658,103.90246533155809,558.7261389195648,10.225254423731812,0.015220795,0.16994961062757674,0.002586768183692167
SBSZ06,SEMBAWANG STRAITS,v00116,1.4614381770563152,103.83203448313512,582.0836037531305,3.9773556818895472,0.012174926,0.01458237898915865,0.0001775393850969614
SBSZ06,SEMBAWANG STRAITS,v00552,1.4556544500955622,103.84064472805854,570.6702760492864,3.442975284287093,0.012174926,0.01458237898915865,0.0001775393850969614
GLSZ04,ALJUNIED,v00626,1.3106740918709316,103.87600195632827,940.1057917155496,14.533019414371406,0.048703823,0.3053137883646358,0.014869948707970681
SKSZ02,TURF CLUB,v00076,1.418702150412296,103.77110925349434,842.4401793663736,13.31751952559809,0.02435231,0.0051152847763017255,0.00012456900061078027
WDSZ04,WOODLANDS SOUTH,v00026,1.435552788417904,103.78968568666298,814.7245079861102,5.382051282506665,0.021306861,0.31302488929607575,0.006669577805771874
WDSZ04,WOODLANDS SOUTH,v00764,1.423183887771803,103.7952964548087,716.7687074591182,7.819754530335438,0.021306861,0.31302488929607575,0.006669577805771874
YSSZ03,YISHUN EAST,v00093,1.4282355145850691,103.84309471795154,390.33251562003795,4.648963968659958,0.041097652,0.4632004886242174,0.019036452487708046
YSSZ03,YISHUN EAST,v00399,1.4252613203374491,103.84685799464161,292.46528993718147,10.395691021724295,0.041097652,0.4632004886242174,0.019036452487708046
YSSZ03,YISHUN EAST,v00550,1.4316955175206918,103.85326055023761,853.6215982237264,2.8581279738231404,0.041097652,0.4632004886242174,0.019036452487708046
YSSZ03,YISHUN EAST,v00689,1.430847879957581,103.8425011751004,559.8452187781438,8.407239597816806,0.041097652,0.4632004886242174,0.019036452487708046
WCSZ01,MURAI,v00840,1.3896792863758591,103.68984624473754,784.5042358218028,6.832412863230462,1.0,0.004886242174377767,0.004886242174377767
SBSZ05,ADMIRALTY,v00293,1.4467801681978976,103.82701633930462,759.5421540434711,4.690903519699548,0.0228332,0.10627576729271644,0.002426615849748053
SBSZ05,ADMIRALTY,v00352,1.4569469523564966,103.83147016342896,805.6642207284605,13.872730318491078,0.0228332,0.10627576729271644,0.002426615849748053
SBSZ05,ADMIRALTY,v00932,1.4504790710397897,103.8245938351838,327.6333346828162,10.593185305215163,0.0228332,0.10627576729271644,0.002426615849748053
LKSZ01,LIM CHU KANG,v00071,1.4316734307889973,103.7185232481824,142.00160783113523,11.837769573952256,0.2922457,0.0008398228737211788,0.0002454346236066575
SBSZ04,SEMBAWANG NORTH,v00530,1.459416712876516,103.8156645106701,267.2477222879598,14.971671123865717,0.018264802,0.1949916017712628,0.003561482998014964
WDSZ06,WOODLANDS WEST,v00390,1.4420504217801793,103.78151581655345,826.4741193335498,10.949265240397779,0.021303171,0.258894487708047,0.005515273542601924
SBSZ02,SEMBAWANG SPRINGS,v00760,1.4365791633673592,103.81918379558948,810.2077143502335,2.8086419401411358,0.022834012,0.06939990838295923,0.0015846783408153917
SKSZ01,KRANJI,v00535,1.4306962245541532,103.76541964061013,787.1744017923795,11.59230374129989,0.053274885,7.634753397465261e-05,4.067406092533211e-06
SKSZ01,KRANJI,v00919,1.4290817382479282,103.75661027927113,654.6193302535855,7.494179561176919,0.053274885,7.634753397465261e-05,4.067406092533211e-06
YSSZ07,NEE SOON,v00501,1.4094485142059234,103.80763271405448,808.9096446324755,12.75774598738194,0.071506076,0.006794930523744083,0.0004858788184455642
YSSZ07,NEE SOON,v00610,1.4071184485888095,103.8160047658418,157.76715616333732,2.814965081084256,0.071506076,0.006794930523744083,0.0004858788184455642
YSSZ07,NEE SOON,v00733,1.39955916620886,103.81081658556465,977.5229152294281,2.751977842813088,0.071506076,0.006794930523744083,0.0004858788184455642
BSSZ01,UPPER THOMSON,v00018,1.3574269294896713,103.82717809222105,570.6672317409556,13.697833493934542,0.04261773,0.22438540235150406,0.009562796493357765
BSSZ01,UPPER THOMSON,v00571,1.3541968467479433,103.83464338527018,462.4451088195547,7.2663350288583635,0.04261773,0.22438540235150406,0.009562796493357765
AMSZ04,TOWNSVILLE,v00364,1.3636850367947804,103.852624088037,497.53832036503655,8.318006419368839,0.015220795,0.16139868682241565,0.0024566163253931903
AMSZ04,TOWNSVILLE,v00452,1.3675212749207415,103.84713889608048,281.81920430721874,14.563426016263296,0.015220795,0.16139868682241565,0.0024566163253931903
BSSZ02,MARYMOUNT,v00579,1.3476348879238613,103.84283761443551,777.867106147221,6.651583093476136,0.015221701,0.22614139563292104,0.00344225670804703
BSSZ02,MARYMOUNT,v00934,1.3577070546908057,103.84139506663858,536.7623512437161,9.078460468350247,0.015221701,0.22614139563292104,0.00344225670804703
TSSZ06,TUAS VIEW EXTENSION,v00319,1.2469311128013258,103.63265199281223,823.9659230282905,7.483766321004808,0.272459,7.634753397465261e-05,2.0801572759199877e-05
TSSZ06,TUAS VIEW EXTENSION,v00494,1.2564363479171283,103.62927836950738,485.17608807961625,7.025026588699363,0.272459,7.634753397465261e-05,2.0801572759199877e-05
TSSZ06,TUAS VIEW EXTENSION,v00598,1.251695961360489,103.63176774759559,469.3552934226877,8.457040496633304,0.272459,7.634753397465261e-05,2.0801572759199877e-05
TSSZ06,TUAS VIEW EXTENSION,v00599,1.257686705642601,103.63426329983857,944.8195415140108,5.695563208057717,0.272459,7.634753397465261e-05,2.0801572759199877e-05
